-- phpMyAdmin SQL Dump
-- version 5.2.1
-- https://www.phpmyadmin.net/
--
-- 主机： localhost
-- 生成日期： 2026-07-07 15:00:52
-- 服务器版本： 10.4.28-MariaDB
-- PHP 版本： 8.2.4

SET SQL_MODE = "NO_AUTO_VALUE_ON_ZERO";
START TRANSACTION;
SET time_zone = "+00:00";


/*!40101 SET @OLD_CHARACTER_SET_CLIENT=@@CHARACTER_SET_CLIENT */;
/*!40101 SET @OLD_CHARACTER_SET_RESULTS=@@CHARACTER_SET_RESULTS */;
/*!40101 SET @OLD_COLLATION_CONNECTION=@@COLLATION_CONNECTION */;
/*!40101 SET NAMES utf8mb4 */;

--
-- 数据库： `freshfast`
--

-- --------------------------------------------------------

--
-- 表的结构 `categories`
--

CREATE TABLE `categories` (
  `category_id` int(11) NOT NULL,
  `category_name` varchar(100) NOT NULL,
  `total_items` int(11) DEFAULT 0
) ENGINE=InnoDB DEFAULT CHARSET=utf8mb4 COLLATE=utf8mb4_general_ci;

--
-- 转存表中的数据 `categories`
--

INSERT INTO `categories` (`category_id`, `category_name`, `total_items`) VALUES
(1, 'Meat', 8),
(2, 'Fruits & Vegetables', 18),
(3, 'Seasoning', 6),
(4, 'Beverages', 6),
(5, 'Frozen', 7),
(6, 'Kitchen Supplies', 8),
(7, 'Desserts', 7);

-- --------------------------------------------------------

--
-- 表的结构 `complaints`
--

CREATE TABLE `complaints` (
  `complaint_id` int(11) NOT NULL,
  `order_id` int(11) NOT NULL,
  `user_id` int(11) NOT NULL,
  `complaint_text` text NOT NULL,
  `status` varchar(30) DEFAULT 'pending',
  `created_at` timestamp NOT NULL DEFAULT current_timestamp(),
  `admin_reply` text DEFAULT NULL,
  `replied_at` datetime DEFAULT NULL,
  `replied_by` int(11) DEFAULT NULL,
  `evidence_image` varchar(255) DEFAULT NULL
) ENGINE=InnoDB DEFAULT CHARSET=utf8mb4 COLLATE=utf8mb4_general_ci;

--
-- 转存表中的数据 `complaints`
--

INSERT INTO `complaints` (`complaint_id`, `order_id`, `user_id`, `complaint_text`, `status`, `created_at`, `admin_reply`, `replied_at`, `replied_by`, `evidence_image`) VALUES
(1, 13, 35, 'ไม่เห็นได้ของเลยไอ้เวร', 'done', '2026-05-28 16:45:51', 'รอหน่อยสิวะ รีบมากก็ไม่ต้องแดก', '2026-05-28 23:55:48', 35, NULL),
(2, 14, 38, 'ควย', 'done', '2026-06-24 20:43:40', 'อยากตายไหมสัส ส่งมาแค่นี้กูคงรู้มั้ง', '2026-06-25 03:52:45', 38, 'assets/complaints/complaint_38_14_1782333820.jpeg'),
(3, 15, 38, 'ของไม่ตรงปก', 'done', '2026-06-25 04:02:22', 'ส่งมีมหาพ่อง', '2026-07-05 14:56:49', 19, 'assets/complaints/complaint_38_15_1782360142.jpeg'),
(4, 17, 19, 'ห่วย', 'done', '2026-07-05 07:53:53', 'ไม่สน เรื่องของมึง', '2026-07-05 14:56:16', 19, 'assets/complaints/complaint_19_17_1783238033.png'),
(5, 17, 19, 'ห่วย', 'done', '2026-07-05 07:53:59', 'มึงมันกระจอก', '2026-07-05 14:55:27', 19, 'assets/complaints/complaint_19_17_1783238039.png');

-- --------------------------------------------------------

--
-- 表的结构 `markets`
--

CREATE TABLE `markets` (
  `market_id` int(11) NOT NULL,
  `market_name` varchar(150) NOT NULL,
  `address` varchar(255) DEFAULT NULL,
  `open_close_time` varchar(50) DEFAULT NULL
) ENGINE=InnoDB DEFAULT CHARSET=utf8mb4 COLLATE=utf8mb4_general_ci;

--
-- 转存表中的数据 `markets`
--

INSERT INTO `markets` (`market_id`, `market_name`, `address`, `open_close_time`) VALUES
(1, 'ตลาดพาเจริญ', 'อำเภอแม่สอด จังหวัดตาก', '06:00-18:00');

-- --------------------------------------------------------

--
-- 表的结构 `orders`
--

CREATE TABLE `orders` (
  `order_id` int(11) NOT NULL,
  `user_id` int(11) NOT NULL,
  `rider_id` int(11) DEFAULT NULL,
  `status` enum('pending','accepted','delivering','completed','cancelled') DEFAULT 'pending',
  `receiver_name` varchar(150) NOT NULL,
  `phone` varchar(20) NOT NULL,
  `postal_code` varchar(10) DEFAULT NULL,
  `note` text DEFAULT NULL,
  `delivery_address` varchar(255) DEFAULT NULL,
  `delivery_lat` decimal(10,8) DEFAULT NULL,
  `delivery_lng` decimal(11,8) DEFAULT NULL,
  `subtotal` decimal(10,2) NOT NULL DEFAULT 0.00,
  `delivery_fee` decimal(10,2) NOT NULL DEFAULT 60.00,
  `discount` decimal(10,2) NOT NULL DEFAULT 0.00,
  `total_amount` decimal(10,2) NOT NULL DEFAULT 0.00,
  `created_at` timestamp NOT NULL DEFAULT current_timestamp()
) ENGINE=InnoDB DEFAULT CHARSET=utf8mb4 COLLATE=utf8mb4_general_ci;

--
-- 转存表中的数据 `orders`
--

INSERT INTO `orders` (`order_id`, `user_id`, `rider_id`, `status`, `receiver_name`, `phone`, `postal_code`, `note`, `delivery_address`, `delivery_lat`, `delivery_lng`, `subtotal`, `delivery_fee`, `discount`, `total_amount`, `created_at`) VALUES
(1, 19, 1, 'completed', 'PATPOOM MUANGNGARM', '0889745422', '10540', '', '33/36 หมู่ที่ 14 ถนนบางนาตราด ต.บางแก้ว อ.บางพลี จ.สมุทรปราการ', NULL, NULL, 145.00, 60.00, 0.00, 205.00, '2026-04-03 22:10:12'),
(2, 19, 1, 'completed', 'PATPOOM MUANGNGARM', '0889745422', '10540', '', '33/36 หมู่ที่ 14 ถนนบางนาตราด ต.บางแก้ว อ.บางพลี จ.สมุทรปราการ', NULL, NULL, 220.00, 60.00, 0.00, 280.00, '2026-04-03 22:39:56'),
(3, 19, 1, 'completed', 'PATPOOM MUANGNGARM', '0889745422', '10540', '', '33/36 หมู่ที่ 14 ถนนบางนาตราด ต.บางแก้ว อ.บางพลี จ.สมุทรปราการ', NULL, NULL, 235.00, 60.00, 0.00, 295.00, '2026-04-03 22:51:55'),
(4, 19, 1, 'completed', 'PATPOOM MUANGNGARM', '0889745422', '10540', '', '33/36 หมู่ที่ 14 ถนนบางนาตราด ต.บางแก้ว อ.บางพลี จ.สมุทรปราการ', NULL, NULL, 145.00, 60.00, 0.00, 205.00, '2026-04-03 23:23:05'),
(5, 19, 1, 'completed', 'PATPOOM MUANGNGARM', '0889745422', '10540', '', '33/36 หมู่ที่ 14 ถนนบางนาตราด ต.บางแก้ว อ.บางพลี จ.สมุทรปราการ', NULL, NULL, 482.00, 60.00, 0.00, 542.00, '2026-04-04 00:11:26'),
(6, 19, 1, 'completed', 'PATPOOM MUANGNGARM', '0889745422', '10540', '', '33/36 หมู่ที่ 14 ถนนบางนาตราด ต.บางแก้ว อ.บางพลี จ.สมุทรปราการ', NULL, NULL, 387.00, 60.00, 0.00, 447.00, '2026-04-04 02:16:14'),
(7, 28, 1, 'completed', 'aw', '0010020044', '63110', '', '82/10', NULL, NULL, 68.00, 60.00, 0.00, 128.00, '2026-05-09 01:04:07'),
(8, 28, 1, 'completed', 'aw', '0010020044', '63110', '', '82/10', NULL, NULL, 102.00, 60.00, 0.00, 162.00, '2026-05-09 01:07:45'),
(9, 28, 1, 'cancelled', 'aw', '0010020044', '63110', '', '82/10', NULL, NULL, 80.00, 60.00, 0.00, 140.00, '2026-05-09 02:58:01'),
(10, 28, 1, 'completed', 'aw', '0010020044', '63110', '', '82/10', NULL, NULL, 114.00, 60.00, 0.00, 174.00, '2026-05-09 02:59:16'),
(11, 28, 1, 'completed', 'aw', '0010020044', '63110', '', '82/10', NULL, NULL, 38.00, 60.00, 0.00, 98.00, '2026-05-09 03:58:21'),
(12, 34, 1, 'completed', 'ภาษา', '09876533', '63110', '', 'ฟหฟหหห', NULL, NULL, 178.00, 60.00, 0.00, 238.00, '2026-05-28 16:16:35'),
(13, 35, 1, 'completed', 'ik', '0889745422', '63110', '', '82/10', NULL, NULL, 118.00, 60.00, 0.00, 178.00, '2026-05-28 16:33:19'),
(14, 38, 1, 'completed', 'fast', '0889745422', '63110', '', '82/10', NULL, NULL, 140.00, 60.00, 0.00, 200.00, '2026-06-24 20:30:02'),
(15, 38, 1, 'pending', 'fast', '0889745422', '63110', '', '82/10', NULL, NULL, 80.00, 60.00, 0.00, 140.00, '2026-06-25 03:28:04'),
(16, 19, 1, 'completed', 'PATPOOM MUANGNGARM', '0889745422', '63110', 'ส่งหน้าโรงบาล', '82/10', NULL, NULL, 185.00, 60.00, 0.00, 245.00, '2026-07-05 07:29:12'),
(17, 19, 1, 'completed', 'PATPOOM MUANGNGARM', '0889745422', '63110', '', '82/10', NULL, NULL, 185.00, 60.00, 0.00, 245.00, '2026-07-05 07:31:58');

-- --------------------------------------------------------

--
-- 表的结构 `order_items`
--

CREATE TABLE `order_items` (
  `order_item_id` int(11) NOT NULL,
  `order_id` int(11) NOT NULL,
  `product_id` int(11) NOT NULL,
  `product_name` varchar(150) NOT NULL,
  `quantity` int(11) DEFAULT 1,
  `price` decimal(10,2) DEFAULT NULL,
  `line_total` decimal(10,2) NOT NULL DEFAULT 0.00,
  `shop_name` varchar(150) DEFAULT NULL
) ENGINE=InnoDB DEFAULT CHARSET=utf8mb4 COLLATE=utf8mb4_general_ci;

--
-- 转存表中的数据 `order_items`
--

INSERT INTO `order_items` (`order_item_id`, `order_id`, `product_id`, `product_name`, `quantity`, `price`, `line_total`, `shop_name`) VALUES
(1, 1, 1, 'คะน้า', 2, 40.00, 80.00, 'ป้าน้อย'),
(2, 1, 3, 'น้ำดื่มขวดใหญ่', 2, 15.00, 30.00, 'น้ำไทย'),
(3, 1, 17, 'น้ำปลา', 1, 35.00, 35.00, 'ลุงพล'),
(4, 2, 1, 'คะน้า', 3, 40.00, 120.00, 'ป้าน้อย'),
(5, 2, 3, 'น้ำดื่มขวดใหญ่', 2, 15.00, 30.00, 'น้ำไทย'),
(6, 2, 17, 'น้ำปลา', 2, 35.00, 70.00, 'ลุงพล'),
(7, 3, 1, 'คะน้า', 5, 40.00, 200.00, 'ป้าน้อย'),
(8, 3, 17, 'น้ำปลา', 1, 35.00, 35.00, 'ลุงพล'),
(9, 4, 1, 'คะน้า', 2, 40.00, 80.00, 'ป้าน้อย'),
(10, 4, 3, 'น้ำดื่มขวดใหญ่', 2, 15.00, 30.00, 'น้ำไทย'),
(11, 4, 17, 'น้ำปลา', 1, 35.00, 35.00, 'ลุงพล'),
(12, 5, 1, 'คะน้า', 2, 40.00, 80.00, 'ป้าน้อย'),
(13, 5, 3, 'น้ำดื่มขวดใหญ่', 1, 15.00, 15.00, 'น้ำไทย'),
(14, 5, 17, 'น้ำปลา', 1, 35.00, 35.00, 'ลุงพล'),
(15, 5, 18, 'ซอสปรุงรส', 1, 40.00, 40.00, 'ลุงพล'),
(16, 5, 21, 'ส้ม', 1, 55.00, 55.00, 'น้าผลไม้'),
(17, 5, 30, 'เนื้อบด', 1, 150.00, 150.00, 'บุญชื่น'),
(18, 5, 50, 'ลูกชิ้นหมูแช่แข็ง', 1, 80.00, 80.00, 'ป้าศรีของแช่แข็ง'),
(19, 5, 57, 'น้ำตาลทรายขาว', 1, 27.00, 27.00, 'เจ๊หวานขนมไทย'),
(20, 6, 29, 'สันคอหมู', 1, 170.00, 170.00, 'บุญชื่น'),
(21, 6, 31, 'ซี่โครงหมู', 1, 140.00, 140.00, 'น้าเนื้อ'),
(22, 6, 45, 'น้ำดื่มแพ็ค', 1, 55.00, 55.00, 'น้ำไทย'),
(23, 6, 47, 'น้ำชาเขียว', 1, 22.00, 22.00, 'น้ำไทย'),
(24, 7, 61, 'แอปเปิ้ล', 2, 34.00, 68.00, 'ครีมมี่'),
(25, 8, 61, 'แอปเปิ้ล', 3, 34.00, 102.00, 'ครีมมี่'),
(26, 9, 62, 'สตอว์เบอร์รี่', 1, 80.00, 80.00, 'ครีมมี่'),
(27, 10, 61, 'แอปเปิ้ล', 1, 34.00, 34.00, 'ครีมมี่'),
(28, 10, 62, 'สตอว์เบอร์รี่', 1, 80.00, 80.00, 'ครีมมี่'),
(29, 11, 63, 'กล้วย', 1, 38.00, 38.00, 'ครีมมี่'),
(30, 12, 31, 'ซี่โครงหมู', 1, 140.00, 140.00, 'น้าเนื้อ'),
(31, 12, 63, 'กล้วย', 1, 38.00, 38.00, 'ครีมมี่'),
(32, 13, 62, 'สตอว์เบอร์รี่', 1, 80.00, 80.00, 'ครีมมี่'),
(33, 13, 63, 'กล้วย', 1, 38.00, 38.00, 'ครีมมี่'),
(34, 14, 31, 'ซี่โครงหมู', 1, 140.00, 140.00, 'น้าเนื้อ'),
(35, 15, 16, 'แครอท', 1, 45.00, 45.00, 'ผักสดครบทุกอย่าง'),
(36, 15, 39, 'กล้วย', 1, 35.00, 35.00, 'น้าผลไม้'),
(37, 16, 30, 'เนื้อบด', 1, 150.00, 150.00, 'บุญชื่น'),
(38, 16, 39, 'กล้วย', 1, 35.00, 35.00, 'น้าผลไม้'),
(39, 17, 30, 'เนื้อบด', 1, 150.00, 150.00, 'บุญชื่น'),
(40, 17, 39, 'กล้วย', 1, 35.00, 35.00, 'น้าผลไม้');

-- --------------------------------------------------------

--
-- 表的结构 `password_reset_otps`
--

CREATE TABLE `password_reset_otps` (
  `id` int(11) NOT NULL,
  `user_id` int(11) NOT NULL,
  `otp_hash` varchar(255) NOT NULL,
  `expires_at` datetime NOT NULL,
  `attempts` int(11) NOT NULL DEFAULT 0,
  `created_at` datetime NOT NULL DEFAULT current_timestamp()
) ENGINE=InnoDB DEFAULT CHARSET=utf8mb4 COLLATE=utf8mb4_general_ci;

-- --------------------------------------------------------

--
-- 表的结构 `products`
--

CREATE TABLE `products` (
  `product_id` int(11) NOT NULL,
  `product_name` varchar(100) NOT NULL,
  `price` decimal(10,2) NOT NULL,
  `unit` varchar(50) DEFAULT NULL,
  `shop_id` int(11) DEFAULT NULL,
  `category_id` int(11) DEFAULT NULL,
  `product_image` varchar(255) DEFAULT NULL,
  `product_status` varchar(30) DEFAULT 'active',
  `updated_at` timestamp NOT NULL DEFAULT current_timestamp() ON UPDATE current_timestamp(),
  `product_description` text DEFAULT NULL,
  `stock` int(11) DEFAULT 0
) ENGINE=InnoDB DEFAULT CHARSET=utf8mb4 COLLATE=utf8mb4_general_ci;

--
-- 转存表中的数据 `products`
--

INSERT INTO `products` (`product_id`, `product_name`, `price`, `unit`, `shop_id`, `category_id`, `product_image`, `product_status`, `updated_at`, `product_description`, `stock`) VALUES
(1, 'คะน้า', 40.00, 'kg', 1, 2, 'assets/producting/product_1_1782314843.jpeg', 'active', '2026-06-24 15:27:23', NULL, 0),
(2, 'ผักบุ้ง', 30.00, 'kg', 1, 2, 'assets/producting/product_2_1782314834.jpeg', 'active', '2026-06-24 15:27:14', NULL, 0),
(3, 'น้ำดื่มขวดใหญ่', 15.00, 'bottle', 2, 4, 'assets/producting/product_3_1782315553.jpeg', 'active', '2026-06-24 15:39:13', NULL, 0),
(4, 'น้ำอัดลม', 20.00, 'bottle', 2, 4, 'assets/producting/product_4_1782315334.jpeg', 'active', '2026-06-24 15:35:34', NULL, 0),
(5, 'มีดทำครัว', 120.00, 'piece', 3, 6, 'assets/producting/product_5_1782316367.jpeg', 'active', '2026-06-24 15:52:47', NULL, 0),
(6, 'เขียงพลาสติก', 90.00, 'piece', 3, 6, 'assets/producting/product_6_1782316364.jpeg', 'active', '2026-06-24 15:52:44', NULL, 0),
(7, 'กะทิสด', 60.00, 'kg', 4, 2, 'assets/producting/product_7_1782314741.jpeg', 'active', '2026-06-24 15:25:41', NULL, 0),
(8, 'หัวกะทิ', 70.00, 'kg', 4, 2, 'assets/producting/product_8_1782314733.jpeg', 'active', '2026-06-24 15:25:33', NULL, 0),
(9, 'เนื้อวัวสไลซ์', 180.00, 'kg', 5, 1, 'assets/producting/product_9_1782314120.jpeg', 'active', '2026-06-24 15:15:20', NULL, 0),
(10, 'หมูสามชั้น', 160.00, 'kg', 5, 1, 'assets/producting/product_10_1782314096.jpeg', 'active', '2026-06-24 15:14:56', NULL, 0),
(11, 'กล่องอาหารพลาสติก', 2.00, 'piece', 6, 6, 'assets/producting/product_11_1782316364.jpeg', 'active', '2026-06-24 15:52:44', NULL, 0),
(12, 'ถุงหิ้วใหญ่', 1.00, 'piece', 6, 6, 'assets/producting/product_12_1782316363.jpeg', 'active', '2026-06-24 15:52:43', NULL, 0),
(13, 'ใบชะอม', 25.00, 'bundle', 7, 2, 'assets/producting/product_13_1782314652.jpeg', 'active', '2026-06-24 15:24:12', NULL, 0),
(14, 'เห็ดเผาะ', 120.00, 'kg', 7, 2, 'assets/producting/product_14_1782314644.jpeg', 'active', '2026-06-24 15:24:04', NULL, 0),
(15, 'กะหล่ำปลี', 35.00, 'kg', 8, 2, 'assets/producting/product_15_1782314630.jpeg', 'active', '2026-06-24 15:23:50', NULL, 0),
(16, 'แครอท', 45.00, 'kg', 8, 2, 'assets/producting/product_16_1782314608.jpeg', 'active', '2026-06-24 15:23:28', NULL, 0),
(17, 'น้ำปลา', 35.00, 'bottle', 9, 3, 'assets/producting/product_17_1782315067.jpeg', 'active', '2026-06-24 15:31:07', NULL, 0),
(18, 'ซอสปรุงรส', 40.00, 'bottle', 9, 3, 'assets/producting/product_18_1782315060.jpeg', 'active', '2026-06-24 15:31:00', NULL, 0),
(19, 'ไก่สดทั้งตัว', 90.00, 'kg', 10, 1, 'assets/producting/product_19_1782314088.jpeg', 'active', '2026-06-24 15:14:48', NULL, 0),
(20, 'หมูบด', 110.00, 'kg', 10, 1, 'assets/producting/product_20_1782314077.jpeg', 'active', '2026-06-24 15:14:37', NULL, 0),
(21, 'ส้ม', 55.00, 'kg', 11, 2, 'assets/producting/product_21_1782314601.jpeg', 'active', '2026-06-24 15:23:21', NULL, 0),
(22, 'แตงโม', 35.00, 'kg', 11, 2, 'assets/producting/product_22_1782314592.jpeg', 'active', '2026-06-24 15:23:12', NULL, 0),
(23, 'นักเก็ตไก่แช่แข็ง', 85.00, 'pack', 12, 5, 'assets/producting/product_23_1782316122.jpeg', 'active', '2026-06-24 15:48:42', NULL, 0),
(24, 'ลูกชิ้นปลาแช่แข็ง', 75.00, 'pack', 12, 5, 'assets/producting/product_24_1782316121.jpeg', 'active', '2026-06-24 15:48:41', NULL, 0),
(25, 'เกี๊ยวซ่าแช่แข็ง', 95.00, 'pack', 12, 5, 'assets/producting/product_25_1782316051.jpeg', 'active', '2026-06-24 15:47:31', NULL, 0),
(26, 'น้ำตาลทราย', 28.00, 'kg', 13, 7, 'assets/producting/product_26_1782316580.jpeg', 'active', '2026-06-24 15:56:20', NULL, 0),
(27, 'แป้งข้าวเจ้า', 40.00, 'kg', 13, 7, 'assets/producting/product_27_1782316579.jpeg', 'active', '2026-06-24 15:56:19', NULL, 0),
(28, 'วุ้นผง', 35.00, 'pack', 13, 7, 'assets/producting/product_28_1782316578.jpeg', 'active', '2026-06-24 15:56:18', NULL, 0),
(29, 'สันคอหมู', 170.00, 'kg', 5, 1, 'assets/producting/product_29_1782314047.jpeg', 'active', '2026-06-24 15:14:07', NULL, 0),
(30, 'เนื้อบด', 150.00, 'kg', 5, 1, 'assets/producting/product_30_1782314035.jpeg', 'active', '2026-06-24 15:13:55', NULL, 0),
(31, 'ซี่โครงหมู', 140.00, 'kg', 10, 1, 'assets/producting/product_31_1782314016.jpeg', 'active', '2026-06-24 15:13:36', NULL, 0),
(32, 'อกไก่', 85.00, 'kg', 10, 1, 'assets/producting/product_32_1782313831.jpeg', 'active', '2026-06-24 15:10:31', NULL, 0),
(33, 'แตงกวา', 25.00, 'kg', 1, 2, 'assets/producting/product_33_1782314581.jpeg', 'active', '2026-06-24 15:23:01', NULL, 0),
(34, 'ผักกาดขาว', 28.00, 'kg', 1, 2, 'assets/producting/product_34_1782314389.jpeg', 'active', '2026-06-24 15:19:49', NULL, 0),
(35, 'พริกแดง', 60.00, 'kg', 7, 2, 'assets/producting/product_35_1782314380.jpeg', 'active', '2026-06-24 15:19:40', NULL, 0),
(36, 'มะนาว', 80.00, 'kg', 7, 2, 'assets/producting/product_36_1782314372.jpeg', 'active', '2026-06-24 15:19:32', NULL, 0),
(37, 'บรอกโคลี', 55.00, 'kg', 8, 2, 'assets/producting/product_37_1782314353.jpeg', 'active', '2026-06-24 15:19:13', NULL, 0),
(38, 'กะหล่ำดอก', 50.00, 'kg', 8, 2, 'assets/producting/product_38_1782314345.jpeg', 'active', '2026-06-24 15:19:05', NULL, 0),
(39, 'กล้วย', 35.00, 'kg', 11, 2, 'assets/producting/product_39_1782314330.jpeg', 'active', '2026-06-24 15:18:50', NULL, 0),
(40, 'มะม่วง', 65.00, 'kg', 11, 2, 'assets/producting/product_40_1782314129.jpeg', 'active', '2026-06-24 15:15:29', NULL, 0),
(41, 'ซีอิ๊วขาว', 32.00, 'bottle', 9, 3, 'assets/producting/product_41_1782315050.jpeg', 'active', '2026-06-24 15:30:50', NULL, 0),
(42, 'น้ำมันหอย', 45.00, 'bottle', 9, 3, 'assets/producting/product_42_1782315041.jpeg', 'active', '2026-06-24 15:30:41', NULL, 0),
(43, 'เกลือ', 18.00, 'pack', 9, 3, 'assets/producting/product_43_1782315034.jpeg', 'active', '2026-06-24 15:30:34', NULL, 0),
(44, 'น้ำตาลปี๊บ', 40.00, 'kg', 9, 3, 'assets/producting/product_44_1782315024.jpeg', 'active', '2026-06-24 15:30:24', NULL, 0),
(45, 'น้ำดื่มแพ็ค', 55.00, 'pack', 2, 4, 'assets/producting/product_45_1782315326.jpeg', 'active', '2026-06-24 15:35:26', NULL, 0),
(46, 'น้ำส้ม', 25.00, 'bottle', 2, 4, 'assets/producting/product_46_1782315319.jpeg', 'active', '2026-06-24 15:35:19', NULL, 0),
(47, 'น้ำชาเขียว', 22.00, 'bottle', 2, 4, 'assets/producting/product_47_1782315311.jpeg', 'active', '2026-06-24 15:35:11', NULL, 0),
(48, 'โซดา', 18.00, 'bottle', 2, 4, 'assets/producting/product_48_1782315296.jpeg', 'active', '2026-06-24 15:34:56', NULL, 0),
(49, 'ไก่แช่แข็ง', 95.00, 'kg', 12, 5, 'assets/producting/product_49_1782316047.jpeg', 'active', '2026-06-24 15:47:27', NULL, 0),
(50, 'ลูกชิ้นหมูแช่แข็ง', 80.00, 'pack', 12, 5, 'assets/producting/product_50_1782316045.jpeg', 'active', '2026-06-24 15:47:25', NULL, 0),
(51, 'กุ้งแช่แข็ง', 160.00, 'kg', 12, 5, 'assets/producting/product_51_1782316040.jpeg', 'active', '2026-06-24 15:47:20', NULL, 0),
(52, 'เฟรนช์ฟรายส์', 75.00, 'pack', 12, 5, 'assets/producting/product_52_1782315744.jpeg', 'active', '2026-06-24 15:42:24', NULL, 0),
(53, 'หม้อสแตนเลส', 320.00, 'piece', 3, 6, 'assets/producting/product_53_1782316362.jpeg', 'active', '2026-06-24 15:52:42', NULL, 0),
(54, 'กระทะ', 280.00, 'piece', 3, 6, 'assets/producting/product_54_1782316361.jpeg', 'active', '2026-06-24 15:52:41', NULL, 0),
(55, 'ช้อนสแตนเลส', 15.00, 'piece', 6, 6, 'assets/producting/product_55_1782316358.jpeg', 'active', '2026-06-24 15:52:38', NULL, 0),
(56, 'ถ้วยพลาสติก', 3.00, 'piece', 6, 6, 'assets/producting/product_56_1782316357.jpeg', 'active', '2026-06-24 15:52:37', NULL, 0),
(57, 'น้ำตาลทรายขาว', 27.00, 'kg', 13, 7, 'assets/producting/product_57_1782316577.jpeg', 'active', '2026-06-24 15:56:17', NULL, 0),
(58, 'แป้งอเนกประสงค์', 42.00, 'kg', 13, 7, 'assets/producting/product_58_1782316576.jpeg', 'active', '2026-06-24 15:56:16', NULL, 0),
(59, 'ผงโกโก้', 65.00, 'pack', 13, 7, 'assets/producting/product_59_1782316575.jpeg', 'active', '2026-06-24 15:56:15', NULL, 0),
(60, 'นมข้นหวาน', 38.00, 'can', 13, 7, 'assets/producting/product_60_1782316574.jpeg', 'active', '2026-06-24 15:56:14', NULL, 0),
(61, 'แอปเปิ้ล', 34.00, 'kg', 14, 2, 'assets/producting/product_14_1778258460.jpg', 'active', '2026-05-08 16:41:00', 'แดง อร่อย', 70),
(62, 'สตอว์เบอร์รี่', 80.00, 'kg', 14, 2, 'assets/producting/product_14_1778290064.jpeg', 'active', '2026-05-09 01:27:44', 'อร่อย อร่อย', 80),
(63, 'กล้วย', 38.00, 'kg', 14, 2, 'assets/producting/product_14_1778298949.jpeg', 'active', '2026-05-09 03:55:49', 'อร่อย', 90);

-- --------------------------------------------------------

--
-- 表的结构 `promotions`
--

CREATE TABLE `promotions` (
  `promotion_id` int(11) NOT NULL,
  `title` varchar(150) NOT NULL,
  `description` text DEFAULT NULL,
  `discount_type` varchar(30) DEFAULT 'percent',
  `discount_value` decimal(10,2) DEFAULT 0.00,
  `start_date` date DEFAULT NULL,
  `end_date` date DEFAULT NULL,
  `status` varchar(30) DEFAULT 'active',
  `created_at` timestamp NOT NULL DEFAULT current_timestamp(),
  `target_scope` varchar(100) DEFAULT NULL,
  `customer_limit` varchar(100) DEFAULT NULL,
  `min_order_amount` decimal(10,2) DEFAULT 0.00,
  `system_commission_limit` int(11) DEFAULT 0,
  `shop_credit_limit` int(11) DEFAULT 0,
  `allow_stack` enum('yes','no') DEFAULT 'no',
  `gp_extra_percent` decimal(10,2) DEFAULT 0.00,
  `campaign_budget` decimal(12,2) DEFAULT 0.00,
  `daily_budget` decimal(12,2) DEFAULT 0.00,
  `display_positions` text DEFAULT NULL
) ENGINE=InnoDB DEFAULT CHARSET=utf8mb4 COLLATE=utf8mb4_general_ci;

--
-- 转存表中的数据 `promotions`
--

INSERT INTO `promotions` (`promotion_id`, `title`, `description`, `discount_type`, `discount_value`, `start_date`, `end_date`, `status`, `created_at`, `target_scope`, `customer_limit`, `min_order_amount`, `system_commission_limit`, `shop_credit_limit`, `allow_stack`, `gp_extra_percent`, `campaign_budget`, `daily_budget`, `display_positions`) VALUES
(1, 'โฆษณา 70 บาท', 'แพ็กเกจโฆษณา 70 บาท / วัน', 'ads', 70.00, '2026-05-28', '2026-06-27', 'active', '2026-05-28 14:55:18', NULL, NULL, 0.00, 0, 0, 'no', 0.00, 0.00, 0.00, NULL),
(2, 'ปีใหม่', 'ขอบเขต: category_only, ลูกค้า: new_customer, ขั้นต่ำ: 300, ค่าธรรมเนียมระบบ: 40, เครดิตร้าน: 1, ใช้ร่วมโปรอื่น: yes, GP เพิ่ม: 3, งบแคมเปญ: 1, งบต่อวัน: 10, ตำแหน่งแสดง: category', 'promotion', 15.00, '2026-05-28', '2026-06-23', 'active', '2026-05-28 15:50:35', NULL, NULL, 0.00, 0, 0, 'no', 0.00, 0.00, 0.00, NULL),
(3, 'โฆษณา 150 บาท', 'แพ็กเกจโฆษณา 150 บาท / วัน', 'ads', 150.00, '2026-07-05', '2026-08-04', 'active', '2026-07-05 08:26:03', NULL, NULL, 0.00, 0, 0, 'no', 0.00, 0.00, 0.00, NULL);

-- --------------------------------------------------------

--
-- 表的结构 `restaurants`
--

CREATE TABLE `restaurants` (
  `restaurant_id` int(11) NOT NULL,
  `buyer_account` int(11) DEFAULT NULL,
  `restaurant_name` varchar(150) NOT NULL,
  `restaurant_phone` varchar(20) DEFAULT NULL,
  `address` varchar(255) DEFAULT NULL,
  `category_name` varchar(100) DEFAULT NULL
) ENGINE=InnoDB DEFAULT CHARSET=utf8mb4 COLLATE=utf8mb4_general_ci;

--
-- 转存表中的数据 `restaurants`
--

INSERT INTO `restaurants` (`restaurant_id`, `buyer_account`, `restaurant_name`, `restaurant_phone`, `address`, `category_name`) VALUES
(1, NULL, 'ร้านทดสอบ', '0812345678', 'แม่สอด ตาก', 'อาหารตามสั่ง');

-- --------------------------------------------------------

--
-- 表的结构 `riders`
--

CREATE TABLE `riders` (
  `rider_id` int(11) NOT NULL,
  `user_id` int(11) DEFAULT NULL,
  `full_name` varchar(150) NOT NULL,
  `phone` varchar(30) DEFAULT NULL,
  `vehicle_type` varchar(50) DEFAULT NULL,
  `license_plate` varchar(30) DEFAULT NULL,
  `service_area` varchar(100) DEFAULT NULL,
  `status` enum('available','busy','offline') DEFAULT 'available',
  `created_at` timestamp NOT NULL DEFAULT current_timestamp()
) ENGINE=InnoDB DEFAULT CHARSET=utf8mb4 COLLATE=utf8mb4_general_ci;

--
-- 转存表中的数据 `riders`
--

INSERT INTO `riders` (`rider_id`, `user_id`, `full_name`, `phone`, `vehicle_type`, `license_plate`, `service_area`, `status`, `created_at`) VALUES
(1, NULL, 'ธนกฤต แสงทอง', '0812345678', 'Motorcycle', 'กทม 1234', NULL, 'available', '2026-07-05 09:19:35'),
(2, NULL, 'ปวีณ์ จันทร์เพ็ญ', '0898765432', 'Motorcycle', 'สมุทรปราการ 5678', NULL, 'available', '2026-07-05 09:19:35'),
(3, NULL, 'กิตติพงศ์ วัฒนชัย', '0823456789', 'Car', 'กทม 9012', NULL, 'available', '2026-07-05 09:19:35'),
(4, NULL, 'ศุภชัย นาคดี', '0834567890', 'Motorcycle', 'กทม 3344', NULL, 'available', '2026-07-05 09:19:35'),
(5, NULL, 'ณัฐพงษ์ ศรีสุข', '0845678901', 'Motorcycle', 'นนทบุรี 7788', NULL, 'available', '2026-07-05 09:19:35'),
(6, NULL, 'ธีรภัทร ใจกล้า', '0856789012', 'Car', 'กทม 5566', NULL, 'available', '2026-07-05 09:19:35'),
(7, NULL, 'อานนท์ บุญช่วย', '0867890123', 'Motorcycle', 'ปทุมธานี 1122', NULL, 'available', '2026-07-05 09:19:35'),
(8, NULL, 'วรพล เกียรติชัย', '0878901234', 'Motorcycle', 'กทม 4455', NULL, 'available', '2026-07-05 09:19:35'),
(9, NULL, 'ชัชวาลย์ อินทร์แก้ว', '0889012345', 'Car', 'สมุทรสาคร 8899', NULL, 'available', '2026-07-05 09:19:35'),
(10, NULL, 'เอกชัย พูลทรัพย์', '0890123456', 'Motorcycle', 'กทม 6677', NULL, 'available', '2026-07-05 09:19:35'),
(11, 43, 'ทารา', '0830001234', 'motorcycle', '1234 lkl', 'แม่สอด', 'available', '2026-07-05 09:20:14');

-- --------------------------------------------------------

--
-- 表的结构 `rider_locations`
--

CREATE TABLE `rider_locations` (
  `id` int(11) NOT NULL,
  `rider_id` int(11) NOT NULL,
  `latitude` decimal(10,8) DEFAULT NULL,
  `longitude` decimal(11,8) DEFAULT NULL,
  `updated_at` timestamp NOT NULL DEFAULT current_timestamp() ON UPDATE current_timestamp()
) ENGINE=InnoDB DEFAULT CHARSET=utf8mb4 COLLATE=utf8mb4_general_ci;

--
-- 转存表中的数据 `rider_locations`
--

INSERT INTO `rider_locations` (`id`, `rider_id`, `latitude`, `longitude`, `updated_at`) VALUES
(1, 1, 12.65274380, 99.86325070, '2026-04-03 22:37:09'),
(2, 1, 12.65273890, 99.86324320, '2026-04-03 22:37:17'),
(3, 1, 12.65274520, 99.86324300, '2026-04-03 22:37:24'),
(4, 1, 12.65274530, 99.86324340, '2026-04-03 22:37:32'),
(5, 1, 12.65274530, 99.86324330, '2026-04-03 22:37:39'),
(6, 1, 12.65274420, 99.86324560, '2026-04-03 22:37:47'),
(7, 1, 12.65274380, 99.86324480, '2026-04-03 22:37:51'),
(8, 1, 12.65274370, 99.86324470, '2026-04-03 22:37:54'),
(9, 1, 12.65273550, 99.86327000, '2026-04-03 22:40:34'),
(10, 1, 12.65273860, 99.86326650, '2026-04-03 22:40:39'),
(11, 1, 12.65273930, 99.86326600, '2026-04-03 22:40:40'),
(12, 1, 12.65273940, 99.86326600, '2026-04-03 22:40:41'),
(13, 1, 12.65274000, 99.86324780, '2026-04-03 22:40:49'),
(14, 1, 12.65274300, 99.86324600, '2026-04-03 22:40:55'),
(15, 1, 12.65274300, 99.86324520, '2026-04-03 22:40:56'),
(16, 1, 12.65274200, 99.86324820, '2026-04-03 22:40:57'),
(17, 1, 12.65273860, 99.86324650, '2026-04-03 22:41:03'),
(18, 1, 12.65273970, 99.86324710, '2026-04-03 22:41:11'),
(19, 1, 12.65274080, 99.86324600, '2026-04-03 22:41:12'),
(20, 1, 12.65274090, 99.86324590, '2026-04-03 22:41:13'),
(21, 1, 12.65274150, 99.86324990, '2026-04-03 22:41:16'),
(22, 1, 12.65274160, 99.86325010, '2026-04-03 22:41:17'),
(23, 1, 12.65274160, 99.86324970, '2026-04-03 22:41:18'),
(24, 1, 12.65274200, 99.86324930, '2026-04-03 22:41:18'),
(25, 1, 12.65274400, 99.86324670, '2026-04-03 22:41:18'),
(26, 1, 12.65274440, 99.86324610, '2026-04-03 22:41:19'),
(27, 1, 12.65274360, 99.86324740, '2026-04-03 22:41:25'),
(28, 1, 12.65274370, 99.86324710, '2026-04-03 22:41:25'),
(29, 1, 12.65274330, 99.86324640, '2026-04-03 22:41:26'),
(30, 1, 12.65274140, 99.86324970, '2026-04-03 22:41:26'),
(31, 1, 12.65274210, 99.86324970, '2026-04-03 22:41:28'),
(32, 1, 12.65274210, 99.86324960, '2026-04-03 22:41:28'),
(33, 1, 12.65274270, 99.86324960, '2026-04-03 22:41:29'),
(34, 1, 12.65274310, 99.86324920, '2026-04-03 22:41:30'),
(35, 1, 12.65274330, 99.86324890, '2026-04-03 22:41:31'),
(36, 1, 12.65274470, 99.86324830, '2026-04-03 22:41:32'),
(37, 1, 12.65274920, 99.86324890, '2026-04-03 22:41:32'),
(38, 1, 12.65276060, 99.86325350, '2026-04-03 22:41:33'),
(39, 1, 12.65276640, 99.86324910, '2026-04-03 22:41:33'),
(40, 1, 12.65277820, 99.86324940, '2026-04-03 22:41:34'),
(41, 1, 12.65279350, 99.86325130, '2026-04-03 22:41:35'),
(42, 1, 12.65280400, 99.86325240, '2026-04-03 22:41:36'),
(43, 1, 12.65281090, 99.86325230, '2026-04-03 22:41:36'),
(44, 1, 12.65281260, 99.86325300, '2026-04-03 22:41:36'),
(45, 1, 12.65282330, 99.86325260, '2026-04-03 22:41:37'),
(46, 1, 12.65282430, 99.86325260, '2026-04-03 22:41:37'),
(47, 1, 12.65282930, 99.86325260, '2026-04-03 22:41:37'),
(48, 1, 12.65283840, 99.86325160, '2026-04-03 22:41:38'),
(49, 1, 12.65284230, 99.86325180, '2026-04-03 22:41:38'),
(50, 1, 12.65285110, 99.86325120, '2026-04-03 22:41:39'),
(51, 1, 12.65286550, 99.86324990, '2026-04-03 22:41:40'),
(52, 1, 12.65286900, 99.86324950, '2026-04-03 22:41:40'),
(53, 1, 12.65288050, 99.86323100, '2026-04-03 22:41:41'),
(54, 1, 12.65288540, 99.86322800, '2026-04-03 22:41:42'),
(55, 1, 12.65289060, 99.86322520, '2026-04-03 22:41:42'),
(56, 1, 12.65289590, 99.86322270, '2026-04-03 22:41:42'),
(57, 1, 12.65290110, 99.86322020, '2026-04-03 22:41:43'),
(58, 1, 12.65291190, 99.86321580, '2026-04-03 22:41:44'),
(59, 1, 12.65292490, 99.86321090, '2026-04-03 22:41:45'),
(60, 1, 12.65293580, 99.86320620, '2026-04-03 22:41:46'),
(61, 1, 12.65294730, 99.86320060, '2026-04-03 22:41:47'),
(62, 1, 12.65294990, 99.86319900, '2026-04-03 22:41:48'),
(63, 1, 12.65295650, 99.86316440, '2026-04-03 22:41:48'),
(64, 1, 12.65295390, 99.86315130, '2026-04-03 22:41:49'),
(65, 1, 12.65295340, 99.86314500, '2026-04-03 22:41:49'),
(66, 1, 12.65295720, 99.86313860, '2026-04-03 22:41:49'),
(67, 1, 12.65296040, 99.86313500, '2026-04-03 22:41:50'),
(68, 1, 12.65296530, 99.86313070, '2026-04-03 22:41:51'),
(69, 1, 12.65296860, 99.86312760, '2026-04-03 22:41:51'),
(70, 1, 12.65297380, 99.86312320, '2026-04-03 22:41:51'),
(71, 1, 12.65297490, 99.86312260, '2026-04-03 22:41:51'),
(72, 1, 12.65297880, 99.86311990, '2026-04-03 22:41:52'),
(73, 1, 12.65298360, 99.86311640, '2026-04-03 22:41:52'),
(74, 1, 12.65298500, 99.86311590, '2026-04-03 22:41:52'),
(75, 1, 12.65298890, 99.86311350, '2026-04-03 22:41:53'),
(76, 1, 12.65299410, 99.86310980, '2026-04-03 22:41:53'),
(77, 1, 12.65299890, 99.86310640, '2026-04-03 22:41:54'),
(78, 1, 12.65300360, 99.86310220, '2026-04-03 22:41:54'),
(79, 1, 12.65300630, 99.86309640, '2026-04-03 22:41:55'),
(80, 1, 12.65300140, 99.86307860, '2026-04-03 22:41:55'),
(81, 1, 12.65300290, 99.86307460, '2026-04-03 22:41:55'),
(82, 1, 12.65300680, 99.86306920, '2026-04-03 22:41:56'),
(83, 1, 12.65300900, 99.86306630, '2026-04-03 22:41:56'),
(84, 1, 12.65301070, 99.86306450, '2026-04-03 22:41:57'),
(85, 1, 12.65301390, 99.86306070, '2026-04-03 22:41:57'),
(86, 1, 12.65301580, 99.86305890, '2026-04-03 22:41:57'),
(87, 1, 12.65302250, 99.86305260, '2026-04-03 22:41:58'),
(88, 1, 12.65302420, 99.86305130, '2026-04-03 22:41:58'),
(89, 1, 12.65302750, 99.86304860, '2026-04-03 22:41:59'),
(90, 1, 12.65303260, 99.86304460, '2026-04-03 22:41:59'),
(91, 1, 12.65304170, 99.86304150, '2026-04-03 22:42:00'),
(92, 1, 12.65304320, 99.86304340, '2026-04-03 22:42:01'),
(93, 1, 12.65304400, 99.86304950, '2026-04-03 22:42:01'),
(94, 1, 12.65304170, 99.86305090, '2026-04-03 22:42:02'),
(95, 1, 12.65303580, 99.86305670, '2026-04-03 22:42:02'),
(96, 1, 12.65302300, 99.86305690, '2026-04-03 22:42:02'),
(97, 1, 12.65302250, 99.86305600, '2026-04-03 22:42:02'),
(98, 1, 12.65301770, 99.86306240, '2026-04-03 22:42:03'),
(99, 1, 12.65301690, 99.86306340, '2026-04-03 22:42:03'),
(100, 1, 12.65301130, 99.86307140, '2026-04-03 22:42:04'),
(101, 1, 12.65301040, 99.86307290, '2026-04-03 22:42:04'),
(102, 1, 12.65300410, 99.86308150, '2026-04-03 22:42:05'),
(103, 1, 12.65300330, 99.86308280, '2026-04-03 22:42:05'),
(104, 1, 12.65299630, 99.86308980, '2026-04-03 22:42:06'),
(105, 1, 12.65299530, 99.86309040, '2026-04-03 22:42:06'),
(106, 1, 12.65299060, 99.86309500, '2026-04-03 22:42:07'),
(107, 1, 12.65298690, 99.86309870, '2026-04-03 22:42:07'),
(108, 1, 12.65298230, 99.86310370, '2026-04-03 22:42:08'),
(109, 1, 12.65297820, 99.86310910, '2026-04-03 22:42:09'),
(110, 1, 12.65297630, 99.86311140, '2026-04-03 22:42:09'),
(111, 1, 12.65295920, 99.86312230, '2026-04-03 22:42:09'),
(112, 1, 12.65295040, 99.86312710, '2026-04-03 22:42:10'),
(113, 1, 12.65294940, 99.86312650, '2026-04-03 22:42:10'),
(114, 1, 12.65294080, 99.86313320, '2026-04-03 22:42:11'),
(115, 1, 12.65293130, 99.86314070, '2026-04-03 22:42:12'),
(116, 1, 12.65292310, 99.86314900, '2026-04-03 22:42:13'),
(117, 1, 12.65291570, 99.86315850, '2026-04-03 22:42:14'),
(118, 1, 12.65290800, 99.86316910, '2026-04-03 22:42:15'),
(119, 1, 12.65290150, 99.86317900, '2026-04-03 22:42:16'),
(120, 1, 12.65290040, 99.86318270, '2026-04-03 22:42:17'),
(121, 1, 12.65287210, 99.86318890, '2026-04-03 22:42:17'),
(122, 1, 12.65286710, 99.86319190, '2026-04-03 22:42:18'),
(123, 1, 12.65286370, 99.86319470, '2026-04-03 22:42:18'),
(124, 1, 12.65286010, 99.86319810, '2026-04-03 22:42:19'),
(125, 1, 12.65285680, 99.86320150, '2026-04-03 22:42:19'),
(126, 1, 12.65285430, 99.86320410, '2026-04-03 22:42:19'),
(127, 1, 12.65285290, 99.86320560, '2026-04-03 22:42:19'),
(128, 1, 12.65284560, 99.86321250, '2026-04-03 22:42:20'),
(129, 1, 12.65284360, 99.86321410, '2026-04-03 22:42:20'),
(130, 1, 12.65283820, 99.86321950, '2026-04-03 22:42:21'),
(131, 1, 12.65283320, 99.86322250, '2026-04-03 22:42:21'),
(132, 1, 12.65282980, 99.86322400, '2026-04-03 22:42:22'),
(133, 1, 12.65282540, 99.86322620, '2026-04-03 22:42:22'),
(134, 1, 12.65282140, 99.86322520, '2026-04-03 22:42:22'),
(135, 1, 12.65281660, 99.86322470, '2026-04-03 22:42:23'),
(136, 1, 12.65281260, 99.86322670, '2026-04-03 22:42:23'),
(137, 1, 12.65281110, 99.86322390, '2026-04-03 22:42:23'),
(138, 1, 12.65280960, 99.86322230, '2026-04-03 22:42:24'),
(139, 1, 12.65280760, 99.86321440, '2026-04-03 22:42:24'),
(140, 1, 12.65279100, 99.86322360, '2026-04-03 22:42:24'),
(141, 1, 12.65278740, 99.86322580, '2026-04-03 22:42:24'),
(142, 1, 12.65278670, 99.86322230, '2026-04-03 22:42:25'),
(143, 1, 12.65278330, 99.86322380, '2026-04-03 22:42:25'),
(144, 1, 12.65278220, 99.86322200, '2026-04-03 22:42:25'),
(145, 1, 12.65278220, 99.86322050, '2026-04-03 22:42:25'),
(146, 1, 12.65277940, 99.86322180, '2026-04-03 22:42:26'),
(147, 1, 12.65277580, 99.86322510, '2026-04-03 22:42:26'),
(148, 1, 12.65277480, 99.86323020, '2026-04-03 22:42:27'),
(149, 1, 12.65277830, 99.86323170, '2026-04-03 22:42:27'),
(150, 1, 12.65278630, 99.86323310, '2026-04-03 22:42:28'),
(151, 1, 12.65278840, 99.86323180, '2026-04-03 22:42:29'),
(152, 1, 12.65279290, 99.86323150, '2026-04-03 22:42:29'),
(153, 1, 12.65279470, 99.86323310, '2026-04-03 22:42:30'),
(154, 1, 12.65279350, 99.86323220, '2026-04-03 22:42:31'),
(155, 1, 12.65279130, 99.86323000, '2026-04-03 22:42:31'),
(156, 1, 12.65278110, 99.86322610, '2026-04-03 22:42:31'),
(157, 1, 12.65277980, 99.86322510, '2026-04-03 22:42:32'),
(158, 1, 12.65277880, 99.86322470, '2026-04-03 22:42:32'),
(159, 1, 12.65277770, 99.86322680, '2026-04-03 22:42:33'),
(160, 1, 12.65277890, 99.86322750, '2026-04-03 22:42:34'),
(161, 1, 12.65277990, 99.86322780, '2026-04-03 22:42:34'),
(162, 1, 12.65278030, 99.86322780, '2026-04-03 22:42:34'),
(163, 1, 12.65278220, 99.86322710, '2026-04-03 22:42:35'),
(164, 1, 12.65278360, 99.86322590, '2026-04-03 22:42:36'),
(165, 1, 12.65278410, 99.86322630, '2026-04-03 22:42:37'),
(166, 1, 12.65278340, 99.86322690, '2026-04-03 22:42:38'),
(167, 1, 12.65278270, 99.86322730, '2026-04-03 22:42:38'),
(168, 1, 12.65278200, 99.86322740, '2026-04-03 22:42:39'),
(169, 1, 12.65277660, 99.86322750, '2026-04-03 22:42:39'),
(170, 1, 12.65277590, 99.86322760, '2026-04-03 22:42:39'),
(171, 1, 12.65277570, 99.86322770, '2026-04-03 22:42:40'),
(172, 1, 12.65277590, 99.86322670, '2026-04-03 22:42:40'),
(173, 1, 12.65277660, 99.86322530, '2026-04-03 22:42:41'),
(174, 1, 12.65277690, 99.86322490, '2026-04-03 22:42:42'),
(175, 1, 12.65277670, 99.86322430, '2026-04-03 22:42:42'),
(176, 1, 12.65277630, 99.86322360, '2026-04-03 22:42:43'),
(177, 1, 12.65277640, 99.86322280, '2026-04-03 22:42:43'),
(178, 1, 12.65277630, 99.86322180, '2026-04-03 22:42:44'),
(179, 1, 12.65277610, 99.86322130, '2026-04-03 22:42:44'),
(180, 1, 12.65277580, 99.86322090, '2026-04-03 22:42:45'),
(181, 1, 12.65277520, 99.86322120, '2026-04-03 22:42:45'),
(182, 1, 12.65277490, 99.86322220, '2026-04-03 22:42:46'),
(183, 1, 12.65277270, 99.86322520, '2026-04-03 22:42:46'),
(184, 1, 12.65277200, 99.86322700, '2026-04-03 22:42:47'),
(185, 1, 12.65277190, 99.86322740, '2026-04-03 22:42:47'),
(186, 1, 12.65277370, 99.86322860, '2026-04-03 22:42:48'),
(187, 1, 12.65277570, 99.86322970, '2026-04-03 22:42:49'),
(188, 1, 12.65277630, 99.86323060, '2026-04-03 22:42:49'),
(189, 1, 12.65277630, 99.86323130, '2026-04-03 22:42:50'),
(190, 1, 12.65277540, 99.86323330, '2026-04-03 22:42:50'),
(191, 1, 12.65277260, 99.86323390, '2026-04-03 22:42:51'),
(192, 1, 12.65277090, 99.86323390, '2026-04-03 22:42:52'),
(193, 1, 12.65277090, 99.86323350, '2026-04-03 22:42:52'),
(194, 1, 12.65276940, 99.86323290, '2026-04-03 22:42:53'),
(195, 1, 12.65276710, 99.86323090, '2026-04-03 22:42:54'),
(196, 1, 12.65276520, 99.86322970, '2026-04-03 22:42:54'),
(197, 1, 12.65276410, 99.86322940, '2026-04-03 22:42:55'),
(198, 1, 12.65276400, 99.86322940, '2026-04-03 22:42:55'),
(199, 1, 12.65276390, 99.86323040, '2026-04-03 22:42:56'),
(200, 1, 12.65276420, 99.86323060, '2026-04-03 22:42:57'),
(201, 1, 12.65276440, 99.86323060, '2026-04-03 22:42:58'),
(202, 1, 12.65276360, 99.86323070, '2026-04-03 22:42:59'),
(203, 1, 12.65276340, 99.86323060, '2026-04-03 22:42:59'),
(204, 1, 12.65276340, 99.86323030, '2026-04-03 22:43:00'),
(205, 1, 12.65276340, 99.86323000, '2026-04-03 22:43:00'),
(206, 1, 12.65276390, 99.86323040, '2026-04-03 22:43:01'),
(207, 1, 12.65276350, 99.86323090, '2026-04-03 22:43:01'),
(208, 1, 12.65276340, 99.86323100, '2026-04-03 22:43:01'),
(209, 1, 12.65276280, 99.86323140, '2026-04-03 22:43:02'),
(210, 1, 12.65276260, 99.86323150, '2026-04-03 22:43:02'),
(211, 1, 12.65276200, 99.86323180, '2026-04-03 22:43:03'),
(212, 1, 12.65276210, 99.86323240, '2026-04-03 22:43:04'),
(213, 1, 12.65276370, 99.86323130, '2026-04-03 22:43:05'),
(214, 1, 12.65276440, 99.86323060, '2026-04-03 22:43:06'),
(215, 1, 12.65276520, 99.86322950, '2026-04-03 22:43:06'),
(216, 1, 12.65276550, 99.86322710, '2026-04-03 22:43:07'),
(217, 1, 12.65276580, 99.86322660, '2026-04-03 22:43:08'),
(218, 1, 12.65276320, 99.86322700, '2026-04-03 22:43:08'),
(219, 1, 12.65276200, 99.86322750, '2026-04-03 22:43:09'),
(220, 1, 12.65276050, 99.86322640, '2026-04-03 22:43:10'),
(221, 1, 12.65276040, 99.86322540, '2026-04-03 22:43:11'),
(222, 1, 12.65275980, 99.86322410, '2026-04-03 22:43:11'),
(223, 1, 12.65275960, 99.86322380, '2026-04-03 22:43:11'),
(224, 1, 12.65275880, 99.86322300, '2026-04-03 22:43:12'),
(225, 1, 12.65275860, 99.86322310, '2026-04-03 22:43:12'),
(226, 1, 12.65275830, 99.86322350, '2026-04-03 22:43:13'),
(227, 1, 12.65275850, 99.86322460, '2026-04-03 22:43:13'),
(228, 1, 12.65276040, 99.86322610, '2026-04-03 22:43:15'),
(229, 1, 12.65276100, 99.86322610, '2026-04-03 22:43:15'),
(230, 1, 12.65276280, 99.86322620, '2026-04-03 22:43:15'),
(231, 1, 12.65276340, 99.86322600, '2026-04-03 22:43:16'),
(232, 1, 12.65276770, 99.86322370, '2026-04-03 22:43:16'),
(233, 1, 12.65276810, 99.86322360, '2026-04-03 22:43:16'),
(234, 1, 12.65276940, 99.86322350, '2026-04-03 22:43:17'),
(235, 1, 12.65277070, 99.86322320, '2026-04-03 22:43:17'),
(236, 1, 12.65277130, 99.86322300, '2026-04-03 22:43:18'),
(237, 1, 12.65277450, 99.86322160, '2026-04-03 22:43:18'),
(238, 1, 12.65278010, 99.86321980, '2026-04-03 22:43:19'),
(239, 1, 12.65278290, 99.86321890, '2026-04-03 22:43:19'),
(240, 1, 12.65279070, 99.86321570, '2026-04-03 22:43:20'),
(241, 1, 12.65279800, 99.86321210, '2026-04-03 22:43:20'),
(242, 1, 12.65280110, 99.86321080, '2026-04-03 22:43:21'),
(243, 1, 12.65281280, 99.86320460, '2026-04-03 22:43:21'),
(244, 1, 12.65281680, 99.86320260, '2026-04-03 22:43:21'),
(245, 1, 12.65282660, 99.86319660, '2026-04-03 22:43:22'),
(246, 1, 12.65283760, 99.86318950, '2026-04-03 22:43:23'),
(247, 1, 12.65285810, 99.86316010, '2026-04-03 22:43:24'),
(248, 1, 12.65286370, 99.86315400, '2026-04-03 22:43:24'),
(249, 1, 12.65287000, 99.86314880, '2026-04-03 22:43:25'),
(250, 1, 12.65287390, 99.86314530, '2026-04-03 22:43:25'),
(251, 1, 12.65287720, 99.86314190, '2026-04-03 22:43:26'),
(252, 1, 12.65288040, 99.86313880, '2026-04-03 22:43:26'),
(253, 1, 12.65288420, 99.86313530, '2026-04-03 22:43:27'),
(254, 1, 12.65289120, 99.86312900, '2026-04-03 22:43:27'),
(255, 1, 12.65290100, 99.86312070, '2026-04-03 22:43:28'),
(256, 1, 12.65290610, 99.86311680, '2026-04-03 22:43:29'),
(257, 1, 12.65291010, 99.86311400, '2026-04-03 22:43:29'),
(258, 1, 12.65291440, 99.86311110, '2026-04-03 22:43:29'),
(259, 1, 12.65291590, 99.86311000, '2026-04-03 22:43:30'),
(260, 1, 12.65293240, 99.86308190, '2026-04-03 22:43:30'),
(261, 1, 12.65293390, 99.86307690, '2026-04-03 22:43:31'),
(262, 1, 12.65293690, 99.86307310, '2026-04-03 22:43:31'),
(263, 1, 12.65294440, 99.86306740, '2026-04-03 22:43:32'),
(264, 1, 12.65295270, 99.86306180, '2026-04-03 22:43:32'),
(265, 1, 12.65295820, 99.86305940, '2026-04-03 22:43:33'),
(266, 1, 12.65296270, 99.86305860, '2026-04-03 22:43:33'),
(267, 1, 12.65297110, 99.86306130, '2026-04-03 22:43:34'),
(268, 1, 12.65297030, 99.86306800, '2026-04-03 22:43:35'),
(269, 1, 12.65296740, 99.86307220, '2026-04-03 22:43:35'),
(270, 1, 12.65295870, 99.86307970, '2026-04-03 22:43:36'),
(271, 1, 12.65295340, 99.86308490, '2026-04-03 22:43:37'),
(272, 1, 12.65294930, 99.86308910, '2026-04-03 22:43:37'),
(273, 1, 12.65293760, 99.86308690, '2026-04-03 22:43:38'),
(274, 1, 12.65293160, 99.86309300, '2026-04-03 22:43:39'),
(275, 1, 12.65292900, 99.86309650, '2026-04-03 22:43:39'),
(276, 1, 12.65292600, 99.86310030, '2026-04-03 22:43:39'),
(277, 1, 12.65291970, 99.86310750, '2026-04-03 22:43:40'),
(278, 1, 12.65291340, 99.86311450, '2026-04-03 22:43:41'),
(279, 1, 12.65290730, 99.86312160, '2026-04-03 22:43:42'),
(280, 1, 12.65290530, 99.86312390, '2026-04-03 22:43:42'),
(281, 1, 12.65290410, 99.86312650, '2026-04-03 22:43:43'),
(282, 1, 12.65290140, 99.86313140, '2026-04-03 22:43:43'),
(283, 1, 12.65290090, 99.86313150, '2026-04-03 22:43:44'),
(284, 1, 12.65289910, 99.86313230, '2026-04-03 22:43:44'),
(285, 1, 12.65289940, 99.86313120, '2026-04-03 22:43:45'),
(286, 1, 12.65286950, 99.86314880, '2026-04-03 22:43:45'),
(287, 1, 12.65286150, 99.86315210, '2026-04-03 22:43:45'),
(288, 1, 12.65285810, 99.86315330, '2026-04-03 22:43:46'),
(289, 1, 12.65285400, 99.86315560, '2026-04-03 22:43:46'),
(290, 1, 12.65284740, 99.86316040, '2026-04-03 22:43:47'),
(291, 1, 12.65284080, 99.86316550, '2026-04-03 22:43:48'),
(292, 1, 12.65283410, 99.86317140, '2026-04-03 22:43:48'),
(293, 1, 12.65282770, 99.86317760, '2026-04-03 22:43:49'),
(294, 1, 12.65282090, 99.86318490, '2026-04-03 22:43:50'),
(295, 1, 12.65281460, 99.86319210, '2026-04-03 22:43:51'),
(296, 1, 12.65280780, 99.86319940, '2026-04-03 22:43:51'),
(297, 1, 12.65280010, 99.86320790, '2026-04-03 22:43:52'),
(298, 1, 12.65277650, 99.86320670, '2026-04-03 22:43:52'),
(299, 1, 12.65277290, 99.86320820, '2026-04-03 22:43:52'),
(300, 1, 12.65276950, 99.86321020, '2026-04-03 22:43:53'),
(301, 1, 12.65276160, 99.86321510, '2026-04-03 22:43:53'),
(302, 1, 12.65274020, 99.86324450, '2026-04-03 22:43:58'),
(303, 1, 12.65274470, 99.86324010, '2026-04-03 22:43:59'),
(304, 1, 12.65274320, 99.86323440, '2026-04-03 22:44:00'),
(305, 1, 12.65274300, 99.86323500, '2026-04-03 22:44:01'),
(306, 1, 12.65274550, 99.86324230, '2026-04-03 22:44:07'),
(307, 1, 12.65274850, 99.86324100, '2026-04-03 22:44:07'),
(308, 1, 12.65274620, 99.86323780, '2026-04-03 22:44:07'),
(309, 1, 12.65274500, 99.86323800, '2026-04-03 22:44:08'),
(310, 1, 12.65274470, 99.86324020, '2026-04-03 22:44:09'),
(311, 1, 12.65274460, 99.86324200, '2026-04-03 22:44:10'),
(312, 1, 12.65274460, 99.86324240, '2026-04-03 22:44:11'),
(313, 1, 12.65274510, 99.86324370, '2026-04-03 22:44:12'),
(314, 1, 12.65274590, 99.86324470, '2026-04-03 22:44:13'),
(315, 1, 12.65274710, 99.86324500, '2026-04-03 22:44:14'),
(316, 1, 12.65274910, 99.86324520, '2026-04-03 22:44:14'),
(317, 1, 12.65274640, 99.86324390, '2026-04-03 22:44:14'),
(318, 1, 12.65274700, 99.86324350, '2026-04-03 22:44:15'),
(319, 1, 12.65274720, 99.86324320, '2026-04-03 22:44:16'),
(320, 1, 12.65275070, 99.86324240, '2026-04-03 22:52:35'),
(321, 1, 12.65274830, 99.86323920, '2026-04-03 22:52:43'),
(322, 1, 12.65274390, 99.86324160, '2026-04-03 22:52:50'),
(323, 1, 12.65274520, 99.86324270, '2026-04-03 22:52:57'),
(324, 1, 12.65274630, 99.86324150, '2026-04-03 22:53:05'),
(325, 1, 12.65274630, 99.86324230, '2026-04-03 22:53:12'),
(326, 1, 12.65274650, 99.86324230, '2026-04-03 22:53:20'),
(327, 1, 12.65274640, 99.86324190, '2026-04-03 22:53:27'),
(328, 1, 12.65274640, 99.86324200, '2026-04-03 22:53:35'),
(329, 1, 12.65274660, 99.86324170, '2026-04-03 22:53:42'),
(330, 1, 12.65274660, 99.86324180, '2026-04-03 22:53:50'),
(331, 1, 12.65274640, 99.86324180, '2026-04-03 22:53:57'),
(332, 1, 12.65274750, 99.86324290, '2026-04-03 22:54:05'),
(333, 1, 12.65274730, 99.86324280, '2026-04-03 22:54:12'),
(334, 1, 12.65274710, 99.86324270, '2026-04-03 22:54:20'),
(335, 1, 12.65274700, 99.86324260, '2026-04-03 22:54:27'),
(336, 1, 12.65274680, 99.86324260, '2026-04-03 22:54:35'),
(337, 1, 12.65274590, 99.86324270, '2026-04-03 22:54:39'),
(338, 1, 12.65274580, 99.86324250, '2026-04-03 22:54:41'),
(339, 1, 12.65274560, 99.86324250, '2026-04-03 22:54:42'),
(340, 1, 12.65274560, 99.86324250, '2026-04-03 22:54:42'),
(341, 1, 12.65274620, 99.86324200, '2026-04-03 22:54:49'),
(342, 1, 12.65274620, 99.86324200, '2026-04-03 22:54:49'),
(343, 1, 12.65274850, 99.86324170, '2026-04-03 22:54:49'),
(344, 1, 12.65274910, 99.86324230, '2026-04-03 22:54:50'),
(345, 1, 12.65275240, 99.86324200, '2026-04-03 22:54:51'),
(346, 1, 12.65276050, 99.86323090, '2026-04-03 22:54:52'),
(347, 1, 12.65276820, 99.86321810, '2026-04-03 22:54:53'),
(348, 1, 12.65277410, 99.86320930, '2026-04-03 22:54:54'),
(349, 1, 12.65278020, 99.86319970, '2026-04-03 22:54:54'),
(350, 1, 12.65278440, 99.86319390, '2026-04-03 22:54:55'),
(351, 1, 12.65279060, 99.86318460, '2026-04-03 22:54:55'),
(352, 1, 12.65279180, 99.86318220, '2026-04-03 22:54:55'),
(353, 1, 12.65279610, 99.86317610, '2026-04-03 22:54:56'),
(354, 1, 12.65279840, 99.86316940, '2026-04-03 22:54:57'),
(355, 1, 12.65281970, 99.86315440, '2026-04-03 22:54:57'),
(356, 1, 12.65282360, 99.86314950, '2026-04-03 22:54:57'),
(357, 1, 12.65282760, 99.86314560, '2026-04-03 22:54:58'),
(358, 1, 12.65283260, 99.86314150, '2026-04-03 22:54:58'),
(359, 1, 12.65283710, 99.86313770, '2026-04-03 22:54:59'),
(360, 1, 12.65284140, 99.86313350, '2026-04-03 22:54:59'),
(361, 1, 12.65284200, 99.86313270, '2026-04-03 22:54:59'),
(362, 1, 12.65284580, 99.86312890, '2026-04-03 22:55:00'),
(363, 1, 12.65285000, 99.86312490, '2026-04-03 22:55:00'),
(364, 1, 12.65285340, 99.86312180, '2026-04-03 22:55:01'),
(365, 1, 12.65285890, 99.86311700, '2026-04-03 22:55:01'),
(366, 1, 12.65286320, 99.86311320, '2026-04-03 22:55:02'),
(367, 1, 12.65286860, 99.86310960, '2026-04-03 22:55:02'),
(368, 1, 12.65287190, 99.86310740, '2026-04-03 22:55:03'),
(369, 1, 12.65287920, 99.86310270, '2026-04-03 22:55:03'),
(370, 1, 12.65288280, 99.86310050, '2026-04-03 22:55:04'),
(371, 1, 12.65289010, 99.86309200, '2026-04-03 22:55:04'),
(372, 1, 12.65289330, 99.86308810, '2026-04-03 22:55:05'),
(373, 1, 12.65290100, 99.86308070, '2026-04-03 22:55:05'),
(374, 1, 12.65290380, 99.86307800, '2026-04-03 22:55:06'),
(375, 1, 12.65291190, 99.86307040, '2026-04-03 22:55:06'),
(376, 1, 12.65291410, 99.86306790, '2026-04-03 22:55:07'),
(377, 1, 12.65292140, 99.86306190, '2026-04-03 22:55:07'),
(378, 1, 12.65292220, 99.86306080, '2026-04-03 22:55:07'),
(379, 1, 12.65292790, 99.86305370, '2026-04-03 22:55:08'),
(380, 1, 12.65292820, 99.86305260, '2026-04-03 22:55:09'),
(381, 1, 12.65293460, 99.86304570, '2026-04-03 22:55:09'),
(382, 1, 12.65293500, 99.86304540, '2026-04-03 22:55:09'),
(383, 1, 12.65294370, 99.86303850, '2026-04-03 22:55:10'),
(384, 1, 12.65294510, 99.86303780, '2026-04-03 22:55:10'),
(385, 1, 12.65294860, 99.86303580, '2026-04-03 22:55:11'),
(386, 1, 12.65295980, 99.86302240, '2026-04-03 22:55:11'),
(387, 1, 12.65295970, 99.86302230, '2026-04-03 22:55:12'),
(388, 1, 12.65296550, 99.86301570, '2026-04-03 22:55:12'),
(389, 1, 12.65296580, 99.86301550, '2026-04-03 22:55:12'),
(390, 1, 12.65297380, 99.86300760, '2026-04-03 22:55:13'),
(391, 1, 12.65297450, 99.86300740, '2026-04-03 22:55:13'),
(392, 1, 12.65298210, 99.86299870, '2026-04-03 22:55:14'),
(393, 1, 12.65299080, 99.86299080, '2026-04-03 22:55:15'),
(394, 1, 12.65299980, 99.86298370, '2026-04-03 22:55:16'),
(395, 1, 12.65300470, 99.86297710, '2026-04-03 22:55:17'),
(396, 1, 12.65300340, 99.86297610, '2026-04-03 22:55:18'),
(397, 1, 12.65300370, 99.86297000, '2026-04-03 22:55:18'),
(398, 1, 12.65300060, 99.86297280, '2026-04-03 22:55:19'),
(399, 1, 12.65299260, 99.86297730, '2026-04-03 22:55:19'),
(400, 1, 12.65298670, 99.86298450, '2026-04-03 22:55:20'),
(401, 1, 12.65297920, 99.86298840, '2026-04-03 22:55:20'),
(402, 1, 12.65297150, 99.86299480, '2026-04-03 22:55:21'),
(403, 1, 12.65296570, 99.86299800, '2026-04-03 22:55:21'),
(404, 1, 12.65295950, 99.86300320, '2026-04-03 22:55:22'),
(405, 1, 12.65295470, 99.86300690, '2026-04-03 22:55:22'),
(406, 1, 12.65294960, 99.86301230, '2026-04-03 22:55:23'),
(407, 1, 12.65294570, 99.86301700, '2026-04-03 22:55:23'),
(408, 1, 12.65294160, 99.86302270, '2026-04-03 22:55:24'),
(409, 1, 12.65293800, 99.86302720, '2026-04-03 22:55:24'),
(410, 1, 12.65293380, 99.86303360, '2026-04-03 22:55:25'),
(411, 1, 12.65293130, 99.86303700, '2026-04-03 22:55:25'),
(412, 1, 12.65292250, 99.86304670, '2026-04-03 22:55:26'),
(413, 1, 12.65292150, 99.86304810, '2026-04-03 22:55:26'),
(414, 1, 12.65291910, 99.86305240, '2026-04-03 22:55:27'),
(415, 1, 12.65291340, 99.86306160, '2026-04-03 22:55:28'),
(416, 1, 12.65291020, 99.86306550, '2026-04-03 22:55:28'),
(417, 1, 12.65290580, 99.86307050, '2026-04-03 22:55:29'),
(418, 1, 12.65290340, 99.86307380, '2026-04-03 22:55:29'),
(419, 1, 12.65289970, 99.86307960, '2026-04-03 22:55:30'),
(420, 1, 12.65289760, 99.86308270, '2026-04-03 22:55:30'),
(421, 1, 12.65289370, 99.86308890, '2026-04-03 22:55:31'),
(422, 1, 12.65289220, 99.86309240, '2026-04-03 22:55:31'),
(423, 1, 12.65288980, 99.86309730, '2026-04-03 22:55:32'),
(424, 1, 12.65288730, 99.86310250, '2026-04-03 22:55:32'),
(425, 1, 12.65288610, 99.86310550, '2026-04-03 22:55:33'),
(426, 1, 12.65287340, 99.86312360, '2026-04-03 22:55:33'),
(427, 1, 12.65286970, 99.86312770, '2026-04-03 22:55:33'),
(428, 1, 12.65286630, 99.86313220, '2026-04-03 22:55:34'),
(429, 1, 12.65286330, 99.86313690, '2026-04-03 22:55:34'),
(430, 1, 12.65285990, 99.86314290, '2026-04-03 22:55:35'),
(431, 1, 12.65285730, 99.86314750, '2026-04-03 22:55:35'),
(432, 1, 12.65285490, 99.86315210, '2026-04-03 22:55:36'),
(433, 1, 12.65285200, 99.86315820, '2026-04-03 22:55:36'),
(434, 1, 12.65284950, 99.86316300, '2026-04-03 22:55:37'),
(435, 1, 12.65284680, 99.86316910, '2026-04-03 22:55:37'),
(436, 1, 12.65284550, 99.86317250, '2026-04-03 22:55:38'),
(437, 1, 12.65283990, 99.86318330, '2026-04-03 22:55:39'),
(438, 1, 12.65283560, 99.86319040, '2026-04-03 22:55:39'),
(439, 1, 12.65283420, 99.86319290, '2026-04-03 22:55:40'),
(440, 1, 12.65283340, 99.86319420, '2026-04-03 22:55:40'),
(441, 1, 12.65281700, 99.86320760, '2026-04-03 22:55:40'),
(442, 1, 12.65281550, 99.86320790, '2026-04-03 22:55:41'),
(443, 1, 12.65281130, 99.86321400, '2026-04-03 22:55:41'),
(444, 1, 12.65281010, 99.86321550, '2026-04-03 22:55:41'),
(445, 1, 12.65280820, 99.86321810, '2026-04-03 22:55:42'),
(446, 1, 12.65280480, 99.86322300, '2026-04-03 22:55:42'),
(447, 1, 12.65280490, 99.86322280, '2026-04-03 22:55:42'),
(448, 1, 12.65280400, 99.86322150, '2026-04-03 22:55:43'),
(449, 1, 12.65280530, 99.86321800, '2026-04-03 22:55:43'),
(450, 1, 12.65281130, 99.86319940, '2026-04-03 22:55:44'),
(451, 1, 12.65281370, 99.86319210, '2026-04-03 22:55:44'),
(452, 1, 12.65281630, 99.86317770, '2026-04-03 22:55:45'),
(453, 1, 12.65281740, 99.86317360, '2026-04-03 22:55:45'),
(454, 1, 12.65281610, 99.86317390, '2026-04-03 22:55:46'),
(455, 1, 12.65281660, 99.86317290, '2026-04-03 22:55:46'),
(456, 1, 12.65281350, 99.86317750, '2026-04-03 22:55:47'),
(457, 1, 12.65281170, 99.86318250, '2026-04-03 22:55:47'),
(458, 1, 12.65281020, 99.86318680, '2026-04-03 22:55:48'),
(459, 1, 12.65280660, 99.86319330, '2026-04-03 22:55:49'),
(460, 1, 12.65280580, 99.86319420, '2026-04-03 22:55:49'),
(461, 1, 12.65280290, 99.86319940, '2026-04-03 22:55:50'),
(462, 1, 12.65280250, 99.86320160, '2026-04-03 22:55:50'),
(463, 1, 12.65280380, 99.86320860, '2026-04-03 22:55:51'),
(464, 1, 12.65281140, 99.86321140, '2026-04-03 22:55:52'),
(465, 1, 12.65281620, 99.86321050, '2026-04-03 22:55:53'),
(466, 1, 12.65281360, 99.86321030, '2026-04-03 22:55:54'),
(467, 1, 12.65281170, 99.86320810, '2026-04-03 22:55:54'),
(468, 1, 12.65280340, 99.86320740, '2026-04-03 22:55:55'),
(469, 1, 12.65274940, 99.86323130, '2026-04-03 23:23:46'),
(470, 1, 12.65274760, 99.86324100, '2026-04-03 23:23:53'),
(471, 1, 12.65274670, 99.86324400, '2026-04-03 23:24:00'),
(472, 1, 12.65274760, 99.86323940, '2026-04-03 23:24:04'),
(473, 1, 12.65274740, 99.86323920, '2026-04-03 23:24:05'),
(474, 1, 12.65274770, 99.86323860, '2026-04-03 23:24:06'),
(475, 1, 12.65274780, 99.86323850, '2026-04-03 23:24:07'),
(476, 1, 12.65274890, 99.86323540, '2026-04-03 23:24:12'),
(477, 1, 12.65274930, 99.86323480, '2026-04-03 23:24:12'),
(478, 1, 12.65286970, 99.86328770, '2026-04-03 23:28:55'),
(479, 1, 12.65287560, 99.86328010, '2026-04-03 23:28:55'),
(480, 1, 12.65286690, 99.86325840, '2026-04-03 23:28:55'),
(481, 1, 12.65285100, 99.86326260, '2026-04-03 23:28:56'),
(482, 1, 12.65286080, 99.86325640, '2026-04-03 23:28:57'),
(483, 1, 12.65286050, 99.86325470, '2026-04-03 23:28:58'),
(484, 1, 12.65286220, 99.86324110, '2026-04-03 23:28:59'),
(485, 1, 12.65286380, 99.86323870, '2026-04-03 23:29:00'),
(486, 1, 12.65286470, 99.86323950, '2026-04-03 23:29:01'),
(487, 1, 12.65286570, 99.86323940, '2026-04-03 23:29:02'),
(488, 1, 12.65286250, 99.86324010, '2026-04-03 23:29:03'),
(489, 1, 12.65286060, 99.86323900, '2026-04-03 23:29:03'),
(490, 1, 12.65285740, 99.86323690, '2026-04-03 23:29:04'),
(491, 1, 12.65285450, 99.86323430, '2026-04-03 23:29:04'),
(492, 1, 12.65285190, 99.86323190, '2026-04-03 23:29:05'),
(493, 1, 12.65284670, 99.86322810, '2026-04-03 23:29:05'),
(494, 1, 12.65284260, 99.86321990, '2026-04-03 23:29:06'),
(495, 1, 12.65283940, 99.86321520, '2026-04-03 23:29:06'),
(496, 1, 12.65283800, 99.86320950, '2026-04-03 23:29:06'),
(497, 1, 12.65283460, 99.86320270, '2026-04-03 23:29:07'),
(498, 1, 12.65283030, 99.86319510, '2026-04-03 23:29:07'),
(499, 1, 12.65282780, 99.86318180, '2026-04-03 23:29:08'),
(500, 1, 12.65282430, 99.86317790, '2026-04-03 23:29:08'),
(501, 1, 12.65282330, 99.86317400, '2026-04-03 23:29:08'),
(502, 1, 12.65282240, 99.86317240, '2026-04-03 23:29:09'),
(503, 1, 12.65281910, 99.86316500, '2026-04-03 23:29:09'),
(504, 1, 12.65281670, 99.86315940, '2026-04-03 23:29:10'),
(505, 1, 12.65281670, 99.86316360, '2026-04-03 23:29:11'),
(506, 1, 12.65281740, 99.86316100, '2026-04-03 23:29:11'),
(507, 1, 12.65281650, 99.86315450, '2026-04-03 23:29:12'),
(508, 1, 12.65281570, 99.86315220, '2026-04-03 23:29:12'),
(509, 1, 12.65281290, 99.86314400, '2026-04-03 23:29:13'),
(510, 1, 12.65281210, 99.86313730, '2026-04-03 23:29:14'),
(511, 1, 12.65281300, 99.86313940, '2026-04-03 23:29:15'),
(512, 1, 12.65280830, 99.86314600, '2026-04-03 23:29:15'),
(513, 1, 12.65280780, 99.86314640, '2026-04-03 23:29:16'),
(514, 1, 12.65280900, 99.86314790, '2026-04-03 23:29:16'),
(515, 1, 12.65281000, 99.86314860, '2026-04-03 23:29:17'),
(516, 1, 12.65281090, 99.86314940, '2026-04-03 23:29:17'),
(517, 1, 12.65281390, 99.86315190, '2026-04-03 23:29:18'),
(518, 1, 12.65281520, 99.86315290, '2026-04-03 23:29:18'),
(519, 1, 12.65281560, 99.86315300, '2026-04-03 23:29:18'),
(520, 1, 12.65281950, 99.86315610, '2026-04-03 23:29:19'),
(521, 1, 12.65282140, 99.86315730, '2026-04-03 23:29:19'),
(522, 1, 12.65282340, 99.86315870, '2026-04-03 23:29:20'),
(523, 1, 12.65282750, 99.86316270, '2026-04-03 23:29:20'),
(524, 1, 12.65282930, 99.86316690, '2026-04-03 23:29:21'),
(525, 1, 12.65282570, 99.86316990, '2026-04-03 23:29:21'),
(526, 1, 12.65281790, 99.86317080, '2026-04-03 23:29:22'),
(527, 1, 12.65281160, 99.86316780, '2026-04-03 23:29:22'),
(528, 1, 12.65281330, 99.86316890, '2026-04-03 23:29:22'),
(529, 1, 12.65280940, 99.86316660, '2026-04-03 23:29:23'),
(530, 1, 12.65280180, 99.86316680, '2026-04-03 23:29:23'),
(531, 1, 12.65279820, 99.86316510, '2026-04-03 23:29:23'),
(532, 1, 12.65279720, 99.86316470, '2026-04-03 23:29:23'),
(533, 1, 12.65279240, 99.86315940, '2026-04-03 23:29:24'),
(534, 1, 12.65279050, 99.86315880, '2026-04-03 23:29:24'),
(535, 1, 12.65278230, 99.86314900, '2026-04-03 23:29:25'),
(536, 1, 12.65278500, 99.86314300, '2026-04-03 23:29:26'),
(537, 1, 12.65278500, 99.86314320, '2026-04-03 23:29:26'),
(538, 1, 12.65278600, 99.86314360, '2026-04-03 23:29:27'),
(539, 1, 12.65278990, 99.86314460, '2026-04-03 23:29:27'),
(540, 1, 12.65279350, 99.86314660, '2026-04-03 23:29:28'),
(541, 1, 12.65279640, 99.86314760, '2026-04-03 23:29:28'),
(542, 1, 12.65280040, 99.86315070, '2026-04-03 23:29:29'),
(543, 1, 12.65280210, 99.86315280, '2026-04-03 23:29:29'),
(544, 1, 12.65280190, 99.86315400, '2026-04-03 23:29:30'),
(545, 1, 12.65280160, 99.86316870, '2026-04-03 23:29:30'),
(546, 1, 12.65280040, 99.86316670, '2026-04-03 23:29:30'),
(547, 1, 12.65279700, 99.86317420, '2026-04-03 23:29:31'),
(548, 1, 12.65279650, 99.86317320, '2026-04-03 23:29:31'),
(549, 1, 12.65279230, 99.86318080, '2026-04-03 23:29:32'),
(550, 1, 12.65279290, 99.86317990, '2026-04-03 23:29:32'),
(551, 1, 12.65278940, 99.86318800, '2026-04-03 23:29:33'),
(552, 1, 12.65278950, 99.86318830, '2026-04-03 23:29:33'),
(553, 1, 12.65278620, 99.86319630, '2026-04-03 23:29:34'),
(554, 1, 12.65278600, 99.86319760, '2026-04-03 23:29:34'),
(555, 1, 12.65278330, 99.86320700, '2026-04-03 23:29:35'),
(556, 1, 12.65278300, 99.86320890, '2026-04-03 23:29:35'),
(557, 1, 12.65278260, 99.86321420, '2026-04-03 23:29:36'),
(558, 1, 12.65278430, 99.86321990, '2026-04-03 23:29:36'),
(559, 1, 12.65278630, 99.86322090, '2026-04-03 23:29:37'),
(560, 1, 12.65272760, 99.86327640, '2026-04-04 00:11:59'),
(561, 1, 12.65274530, 99.86323460, '2026-04-04 02:17:35'),
(562, 1, 12.65274640, 99.86323230, '2026-04-04 02:17:39'),
(563, 1, 12.65274630, 99.86323310, '2026-04-04 02:17:43'),
(564, 1, 12.65274610, 99.86323720, '2026-04-04 02:17:50'),
(565, 1, 12.65274590, 99.86323600, '2026-04-04 02:17:51'),
(566, 1, 12.65274610, 99.86323560, '2026-04-04 02:17:51'),
(567, 1, 12.65274630, 99.86323670, '2026-04-04 02:17:52'),
(568, 1, 12.65274140, 99.86323940, '2026-04-04 02:17:57'),
(569, 1, 12.65274080, 99.86323650, '2026-04-04 02:17:58'),
(570, 1, 12.65274090, 99.86323810, '2026-04-04 02:18:01'),
(571, 1, 12.65274180, 99.86323790, '2026-04-04 02:18:05'),
(572, 1, 12.65273710, 99.86324500, '2026-04-04 02:18:13'),
(573, 1, 12.65273990, 99.86324730, '2026-04-04 02:18:20'),
(574, 1, 12.65274150, 99.86324700, '2026-04-04 02:18:28'),
(575, 1, 12.65273810, 99.86324860, '2026-04-04 02:20:00'),
(576, 1, 13.66638776, 100.66151954, '2026-05-09 01:04:32'),
(577, 1, 13.66638776, 100.66151954, '2026-05-09 01:04:32'),
(578, 1, 13.66634530, 100.66167139, '2026-05-09 01:04:33'),
(579, 1, 13.66645999, 100.66162038, '2026-05-09 03:59:00'),
(580, 1, 13.66645999, 100.66162038, '2026-05-09 03:59:00'),
(581, 1, 13.66645999, 100.66162038, '2026-05-09 03:59:00'),
(582, 1, 13.66629466, 100.66156348, '2026-05-28 16:20:04'),
(583, 1, 13.66629466, 100.66156348, '2026-05-28 16:20:04'),
(584, 1, 13.66639696, 100.66166625, '2026-05-28 16:20:06'),
(585, 1, 13.91137551, 100.55378986, '2026-07-05 07:57:49'),
(586, 1, 13.91137551, 100.55378986, '2026-07-05 07:57:49'),
(587, 1, 13.91137245, 100.55378957, '2026-07-05 07:57:49'),
(588, 1, 13.91137317, 100.55378966, '2026-07-05 07:57:49'),
(589, 1, 13.91137317, 100.55378966, '2026-07-05 07:58:00'),
(590, 1, 13.91137317, 100.55378966, '2026-07-05 07:58:00'),
(591, 1, 13.91137374, 100.55378974, '2026-07-05 07:58:00'),
(592, 1, 13.91137370, 100.55378973, '2026-07-05 07:58:00');

-- --------------------------------------------------------

--
-- 表的结构 `shops`
--

CREATE TABLE `shops` (
  `shop_id` int(11) NOT NULL,
  `shop_name` varchar(100) NOT NULL,
  `shop_type` varchar(100) DEFAULT NULL,
  `description` text DEFAULT NULL,
  `stall_number` varchar(20) DEFAULT NULL,
  `shop_image` varchar(255) DEFAULT NULL,
  `status` varchar(30) DEFAULT 'active',
  `owner_id` int(11) DEFAULT NULL,
  `shop_banner` varchar(255) DEFAULT NULL,
  `shop_address` text DEFAULT NULL,
  `shop_phone` varchar(30) DEFAULT NULL,
  `shop_email` varchar(150) DEFAULT NULL,
  `open_days` varchar(50) DEFAULT NULL,
  `open_time` time DEFAULT NULL,
  `close_time` time DEFAULT NULL,
  `auto_schedule` tinyint(1) DEFAULT 0
) ENGINE=InnoDB DEFAULT CHARSET=utf8mb4 COLLATE=utf8mb4_general_ci;

--
-- 转存表中的数据 `shops`
--

INSERT INTO `shops` (`shop_id`, `shop_name`, `shop_type`, `description`, `stall_number`, `shop_image`, `status`, `owner_id`, `shop_banner`, `shop_address`, `shop_phone`, `shop_email`, `open_days`, `open_time`, `close_time`, `auto_schedule`) VALUES
(1, 'ป้าน้อย', 'Vegetables', 'Fresh vegetables for daily cooking', 'A1', 'assets/shopimg/shop1.png', 'closed', NULL, NULL, '', '', '', NULL, NULL, NULL, 0),
(2, 'น้ำไทย', 'Beverages', 'Drinking water and soft drinks', 'A2', 'assets/shopimg/shop2.png', 'active', NULL, NULL, NULL, NULL, NULL, NULL, NULL, NULL, 0),
(3, 'เจ้ไฝใช้ในครัว', 'Kitchen Supplies', 'Basic kitchen equipment for restaurants', 'A3', 'assets/shopimg/shop3.png', 'active', NULL, NULL, NULL, NULL, NULL, NULL, NULL, NULL, 0),
(4, 'กะทิสดซอย 1', 'Coconut', 'Fresh coconut milk for cooking and desserts', 'A4', 'assets/shopimg/shop4.png', 'active', NULL, NULL, NULL, NULL, NULL, NULL, NULL, NULL, 0),
(5, 'บุญชื่น', 'Meat', 'Fresh meat for cooking', 'B1', 'assets/shopimg/shop5.png', 'active', NULL, NULL, NULL, NULL, NULL, NULL, NULL, NULL, 0),
(6, 'เจ้าแม่แพ็คเกจ', 'Packaging', 'Food packaging and containers', 'B2', 'assets/shopimg/shop6.png', 'active', NULL, NULL, NULL, NULL, NULL, NULL, NULL, NULL, 0),
(7, 'น้องนายอาหารป่า', 'Vegetables', 'Wild vegetables and ingredients', 'B3', 'assets/shopimg/shop7.png', 'active', NULL, NULL, NULL, NULL, NULL, NULL, NULL, NULL, 0),
(8, 'ผักสดครบทุกอย่าง', 'Vegetables', 'All kinds of fresh vegetables', 'B4', 'assets/shopimg/shop8.png', 'active', NULL, NULL, NULL, NULL, NULL, NULL, NULL, NULL, 0),
(9, 'ลุงพล', 'Seasoning', 'Sauces and dry ingredients', 'C1', 'assets/shopimg/shop9.png', 'active', NULL, NULL, NULL, NULL, NULL, NULL, NULL, NULL, 0),
(10, 'น้าเนื้อ', 'Meat', 'Fresh meat products', 'C2', 'assets/shopimg/shop10.png', 'active', NULL, NULL, NULL, NULL, NULL, NULL, NULL, NULL, 0),
(11, 'น้าผลไม้', 'Fruit Drinks', 'Fresh fruits and fruit drinks', 'C3', 'assets/shopimg/shop11.png', 'active', NULL, NULL, NULL, NULL, NULL, NULL, NULL, NULL, 0),
(12, 'ป้าศรีของแช่แข็ง', 'Frozen', 'Frozen foods such as frozen chicken, fish balls, and dumplings', 'D1', 'assets/shopimg/shop12.png', 'active', NULL, NULL, NULL, NULL, NULL, NULL, NULL, NULL, 0),
(13, 'เจ๊หวานขนมไทย', 'Desserts', 'Desserts and baking ingredients such as sugar, flour, and coconut milk', 'D2', 'assets/shopimg/shop13.png', 'active', NULL, NULL, NULL, NULL, NULL, NULL, NULL, NULL, 0),
(14, 'ครีมมี่', 'ยังไม่ได้ระบุ', NULL, NULL, 'assets/shoping/shop_14_1778298884.jpeg', 'open', 28, NULL, '33/14 ต.บางแก้ว อ.บางพลี จ.สมุทรปราการ', '0121431234', 'gaga@gmail.com', NULL, NULL, NULL, 0),
(15, 'สาวน้อย', NULL, NULL, NULL, NULL, 'active', 30, NULL, NULL, NULL, NULL, NULL, NULL, NULL, 0),
(16, 'lolo', 'ยังไม่ได้ระบุ', NULL, NULL, NULL, 'active', 31, NULL, NULL, NULL, 'lolo@gmail.com', NULL, NULL, NULL, 0),
(17, 'rrr', 'ยังไม่ได้ระบุ', NULL, NULL, NULL, 'active', 32, NULL, NULL, NULL, 'rrr@gmail.com', NULL, NULL, NULL, 0),
(18, 'อารา', 'ยังไม่ได้ระบุ', NULL, NULL, NULL, 'active', 33, NULL, NULL, NULL, 'arara@gmail.com', NULL, NULL, NULL, 0),
(19, 'ko', 'ยังไม่ได้ระบุ', NULL, NULL, NULL, 'active', 36, NULL, NULL, NULL, 'ko@gmail.com', NULL, NULL, NULL, 0),
(20, 'fast', 'ยังไม่ได้ระบุ', NULL, NULL, 'assets/shoping/shop_20_1782334451.jpeg', 'open', 38, NULL, NULL, NULL, 'fast@gmail.com', '1,2,3,4,5', '06:00:00', '18:00:00', 0),
(21, 'akibo', 'ยังไม่ได้ระบุ', NULL, NULL, NULL, 'active', 39, NULL, NULL, NULL, 'ak@gmail.com', NULL, NULL, NULL, 0),
(22, 'ฟาส', 'ยังไม่ได้ระบุ', NULL, NULL, NULL, 'active', 40, NULL, NULL, NULL, 'freshfast@gmail.com', NULL, NULL, NULL, 0);

-- --------------------------------------------------------

--
-- 表的结构 `shop_promotions`
--

CREATE TABLE `shop_promotions` (
  `shop_promotion_id` int(11) NOT NULL,
  `shop_id` int(11) NOT NULL,
  `promotion_id` int(11) NOT NULL,
  `joined_at` timestamp NOT NULL DEFAULT current_timestamp(),
  `package_price` decimal(10,2) NOT NULL,
  `duration_days` int(11) DEFAULT 1,
  `status` varchar(30) DEFAULT 'pending',
  `approved_at` datetime DEFAULT NULL,
  `expired_at` datetime DEFAULT NULL
) ENGINE=InnoDB DEFAULT CHARSET=utf8mb4 COLLATE=utf8mb4_general_ci;

--
-- 转存表中的数据 `shop_promotions`
--

INSERT INTO `shop_promotions` (`shop_promotion_id`, `shop_id`, `promotion_id`, `joined_at`, `package_price`, `duration_days`, `status`, `approved_at`, `expired_at`) VALUES
(1, 18, 1, '2026-05-28 15:01:25', 70.00, 1, 'rejected', NULL, NULL),
(2, 21, 3, '2026-07-05 08:26:03', 150.00, 1, 'approved', NULL, NULL),
(3, 22, 3, '2026-07-05 08:33:04', 150.00, 1, 'approved', NULL, NULL);

-- --------------------------------------------------------

--
-- 表的结构 `system_settings`
--

CREATE TABLE `system_settings` (
  `setting_id` int(11) NOT NULL,
  `setting_key` varchar(100) NOT NULL,
  `setting_value` varchar(50) NOT NULL DEFAULT '1',
  `updated_at` timestamp NOT NULL DEFAULT current_timestamp() ON UPDATE current_timestamp()
) ENGINE=InnoDB DEFAULT CHARSET=utf8mb4 COLLATE=utf8mb4_general_ci;

--
-- 转存表中的数据 `system_settings`
--

INSERT INTO `system_settings` (`setting_id`, `setting_key`, `setting_value`, `updated_at`) VALUES
(1, 'dark_mode', '1', '2026-05-06 12:39:43'),
(2, 'order_notification', '1', '2026-05-06 12:39:29'),
(3, 'complaint_notification', '1', '2026-05-06 12:39:31'),
(4, 'new_shop_notification', '1', '2026-05-06 12:39:32');

-- --------------------------------------------------------

--
-- 表的结构 `users`
--

CREATE TABLE `users` (
  `user_id` int(11) NOT NULL,
  `name` varchar(100) NOT NULL,
  `email` varchar(150) NOT NULL,
  `password` varchar(255) NOT NULL,
  `role` enum('customer','shop','rider','admin') DEFAULT 'customer',
  `is_verified` tinyint(1) DEFAULT 1,
  `created_at` timestamp NOT NULL DEFAULT current_timestamp(),
  `user_status` varchar(30) DEFAULT 'active',
  `profile_image` varchar(255) DEFAULT NULL
) ENGINE=InnoDB DEFAULT CHARSET=utf8mb4 COLLATE=utf8mb4_general_ci;

--
-- 转存表中的数据 `users`
--

INSERT INTO `users` (`user_id`, `name`, `email`, `password`, `role`, `is_verified`, `created_at`, `user_status`, `profile_image`) VALUES
(16, 'guaaaa', 'dasuud@gmail.com', '$2y$10$35oj9BLalHHrlwctbMzruuDKXCpKWlb7jS78XnTCT5QfBOBc6mJhu', 'customer', 1, '2026-02-20 16:00:09', 'active', NULL),
(17, 'para', 'joy@gmail.com', '$2y$10$q31KV9rNyXvjv..IezSydu9tPAjxfruRHKg6NrBjxb9DCDnG78yIi', 'customer', 1, '2026-02-20 23:15:23', 'active', NULL),
(18, 'star', 'star@gmail.com', '$2y$10$B0gxoPgCalL6uZSXYclJsuOsHTO6ndfZaychoVG/cbOFOmkuyb.Km', 'customer', 1, '2026-02-21 00:27:25', 'active', NULL),
(19, 'PATPOOM MUANGNGARM', 'jayscotandasmou@gmail.com', '$2y$10$nJO4PU0MYflN7Z3pNdJBBeZ8lS3zMxSLwR1YkoxbbanklgEB5WRBy', 'customer', 1, '2026-02-21 00:33:56', 'active', NULL),
(20, 'hong', 'hong@gmail.com', '$2y$10$envDFHfz2MBD7EfNhW41rOnDNeod5thyxPS524zEdrtt4sE.1YMZe', 'customer', 1, '2026-02-21 00:48:26', 'active', NULL),
(21, 'sam', 'sam@gmail.com', '$2y$10$Erd4YP6mXcs.Y92dfC.ha.S2vFDECQmYLogv5L3hrQGxtsQecMnuy', 'customer', 1, '2026-02-21 02:43:19', 'active', NULL),
(22, 'Sarus', 'host@gmaip.com', '$2y$10$KwmYMT08uXhU7YLSHT836OfzJGMTxA1ZRgrji6qrDy4EunkTeIc3a', 'customer', 1, '2026-04-01 04:33:41', 'active', NULL),
(23, 'Ggaa', 'ggaa@gmail.com', '$2y$10$3KhqMRCOywL9FlcvsFFyoueJDQ7maqpZCunrJpSjbbcF3m.j4jUi6', 'customer', 1, '2026-04-03 14:53:24', 'active', NULL),
(24, 'Dede', 'dede@gmail.com', '$2y$10$vbUK10M3C8qr3JAMv1sALOz7UPLnsivWt7qAr2wFkryPXSTXyZ8WK', 'customer', 1, '2026-04-03 22:21:52', 'active', NULL),
(25, 'fas', 'host@gmail.com', '$2y$10$7jB9Wq5eKd5rgUrU6O29seRkw82goTX8jBfdTN28TqhkA.hBpnxwe', 'customer', 1, '2026-04-29 14:43:43', 'active', NULL),
(26, 'd', 'dad@gmail.com', '$2y$10$7mHRxGWT0BCS3K1opcTGt.LPWlOxZh/37OAGRMSJcQrbpQKzNz0g.', 'customer', 1, '2026-05-08 14:07:52', 'active', NULL),
(27, 'l', 'l@gmail.com', '$2y$10$WSBKcU5tFv2PSlzHk/Oo3uBoh5Pkk2XMV2j.M9YmpBvuOnnwb7wty', 'customer', 1, '2026-05-08 14:11:13', 'active', NULL),
(28, 'aw', 'aw@gmail.com', '$2y$10$ULN.b/4BQxib/lQSm44JfuJfU4857IO3NNEWAGOrFrNd2Nh3zZhGC', 'shop', 1, '2026-05-08 14:40:47', 'active', 'assets/shoping/shop_14_1778290643.jpeg'),
(29, 'sgsgs', 'sgsg@gmail.com', '$2y$10$S58/Das9AyTnrkteg9q0DOqAGBRSQRijgqwrjEbPEclnvT5U1Zy..', 'customer', 1, '2026-05-27 11:01:27', 'active', NULL),
(30, 'สาวน้อย', 'a9@gmail.com', '$2y$10$fF67sIUjOpYm0m.8.pznc.Ullu0zd683PeBl5NndD/NiJWSf/Jb.m', 'shop', 1, '2026-05-27 11:10:02', 'active', NULL),
(31, 'lolo', 'lolo@gmail.com', '$2y$10$KmAWRr/RQsknEbxoN8Ha2e9WzAW0BwliPTmS.CihTnAO/pbkUCYp6', 'shop', 1, '2026-05-27 11:21:48', 'active', NULL),
(32, 'rrr', 'rrr@gmail.com', '$2y$10$FNodql5PHnnK6J3Uw0ggRO.4vPO7hvhT/SYqJmCdaSYU4Eb6750wm', 'shop', 1, '2026-05-27 11:37:18', 'active', NULL),
(33, 'อารา', 'arara@gmail.com', '$2y$10$i0oy.p0WR.Ui7r4DpImpUuPBsw6k8xHhVi.N56zavHB4rYJn1YoNW', 'shop', 1, '2026-05-28 13:26:35', 'active', NULL),
(34, 'ภาษา', 'da@gmail.com', '$2y$10$sGATOZLIJgLIE.gr/kc6i.92isn73d2dk0FvBjgV.Ln1zqbIRtLmO', 'customer', 1, '2026-05-28 15:08:27', 'active', NULL),
(35, 'ik', 'ik@gmail.com', '$2y$10$7BzkJ01mAXR2Lp2zgV4uSOcMskk3MCA8afKs2ja2hXgjJqJqgiHya', 'customer', 1, '2026-05-28 16:32:51', 'active', NULL),
(36, 'ko', 'ko@gmail.com', '$2y$10$j/Z/LOI3snEjKm/Ylk/Oi.qKippHFkRP51PdxTWLRh5BGZMRSTX5G', 'shop', 1, '2026-05-28 17:04:41', 'active', NULL),
(37, 'saku', 'saku@gmail.com', '$2y$10$L.slcp6m42R0ihffiVcg7.ul11KxGcbRY7wRJB6TJwiqFGKEZOwYa', 'customer', 1, '2026-06-24 15:08:19', 'active', NULL),
(38, 'fast', 'fast@gmail.com', '$2y$10$7dHUYwoX9vQT3ciONaojk.tdgMzgKlhT8hvYDMm.frfy5VlGcNG3K', 'shop', 1, '2026-06-24 19:44:30', 'active', NULL),
(39, 'akibo', 'ak@gmail.com', '$2y$10$lIVTtaphHo69VEDwvamZm.mHiESrDn0bh5pdpB9Uz3Xds.Kpzn7yq', 'shop', 1, '2026-07-05 08:05:13', 'active', NULL),
(40, 'ฟาส', 'freshfast@gmail.com', '$2y$10$5arvdDNNGEFIbpc1zLGmzOKrpMTgRFF11eS7LdZLvUCLZz8CZtzqS', 'shop', 1, '2026-07-05 08:32:23', 'active', NULL),
(43, 'ทารา', 'taka@gmail.com', '$2y$10$mLNVtC5XyvHgniP6.BjEJuEGgDeo.AgwzZW48mpjbjoGzIcxLhzXq', 'rider', 1, '2026-07-05 09:20:14', 'active', NULL);

-- --------------------------------------------------------

--
-- 表的结构 `user_activity_logs`
--

CREATE TABLE `user_activity_logs` (
  `log_id` int(11) NOT NULL,
  `user_id` int(11) NOT NULL,
  `action_text` varchar(255) NOT NULL,
  `created_at` timestamp NOT NULL DEFAULT current_timestamp()
) ENGINE=InnoDB DEFAULT CHARSET=utf8mb4 COLLATE=utf8mb4_general_ci;

-- --------------------------------------------------------

--
-- 表的结构 `user_consents`
--

CREATE TABLE `user_consents` (
  `id` int(11) NOT NULL,
  `user_id` int(11) NOT NULL,
  `consent_type` varchar(50) DEFAULT 'privacy_policy',
  `consent_version` varchar(10) NOT NULL,
  `consented_at` datetime NOT NULL,
  `consent_ip` varchar(45) DEFAULT NULL
) ENGINE=InnoDB DEFAULT CHARSET=utf8mb4 COLLATE=utf8mb4_general_ci;

--
-- 转存表中的数据 `user_consents`
--

INSERT INTO `user_consents` (`id`, `user_id`, `consent_type`, `consent_version`, `consented_at`, `consent_ip`) VALUES
(1, 18, 'privacy_policy', '1.0', '2026-02-21 01:27:25', '::1'),
(2, 19, 'privacy_policy', '1.0', '2026-02-21 01:33:56', '::1'),
(3, 20, 'privacy_policy', '1.0', '2026-02-21 01:48:26', '::1'),
(4, 21, 'privacy_policy', '1.0', '2026-02-21 03:43:19', '::1'),
(5, 22, 'privacy_policy', '1.0', '2026-04-01 06:33:41', '::1'),
(6, 23, 'privacy_policy', '1.0', '2026-04-03 16:53:24', '::1'),
(7, 24, 'privacy_policy', '1.0', '2026-04-04 00:21:52', '::1'),
(8, 25, 'privacy_policy', '1.0', '2026-04-29 16:43:43', '::1'),
(9, 26, 'privacy_policy', '1.0', '2026-05-08 16:07:52', '::1'),
(10, 27, 'privacy_policy', '1.0', '2026-05-08 16:11:13', '::1'),
(11, 28, 'privacy_policy', '1.0', '2026-05-08 16:40:47', '::1'),
(12, 29, 'privacy_policy', '1.0', '2026-05-27 13:01:27', '::1'),
(13, 31, 'shop_terms', '1.0', '2026-05-27 13:21:48', '::1'),
(14, 32, 'shop_terms', '1.0', '2026-05-27 13:37:18', '::1'),
(15, 33, 'shop_terms', '1.0', '2026-05-28 15:26:35', '::1'),
(16, 34, 'privacy_policy', '1.0', '2026-05-28 17:08:27', '::1'),
(17, 35, 'privacy_policy', '1.0', '2026-05-28 18:32:51', '::1'),
(18, 36, 'shop_terms', '1.0', '2026-05-28 19:04:41', '::1'),
(19, 37, 'privacy_policy', '1.0', '2026-06-24 17:08:19', '::1'),
(20, 38, 'shop_terms', '1.0', '2026-06-24 21:44:30', '::1'),
(21, 39, 'shop_terms', '1.0', '2026-07-05 10:05:13', '::1'),
(22, 40, 'shop_terms', '1.0', '2026-07-05 10:32:23', '::1');

--
-- 转储表的索引
--

--
-- 表的索引 `categories`
--
ALTER TABLE `categories`
  ADD PRIMARY KEY (`category_id`);

--
-- 表的索引 `complaints`
--
ALTER TABLE `complaints`
  ADD PRIMARY KEY (`complaint_id`);

--
-- 表的索引 `markets`
--
ALTER TABLE `markets`
  ADD PRIMARY KEY (`market_id`);

--
-- 表的索引 `orders`
--
ALTER TABLE `orders`
  ADD PRIMARY KEY (`order_id`),
  ADD KEY `user_id` (`user_id`);

--
-- 表的索引 `order_items`
--
ALTER TABLE `order_items`
  ADD PRIMARY KEY (`order_item_id`),
  ADD KEY `order_id` (`order_id`),
  ADD KEY `product_id` (`product_id`);

--
-- 表的索引 `password_reset_otps`
--
ALTER TABLE `password_reset_otps`
  ADD PRIMARY KEY (`id`),
  ADD KEY `user_id` (`user_id`),
  ADD KEY `expires_at` (`expires_at`);

--
-- 表的索引 `products`
--
ALTER TABLE `products`
  ADD PRIMARY KEY (`product_id`),
  ADD KEY `shop_id` (`shop_id`),
  ADD KEY `category_id` (`category_id`);

--
-- 表的索引 `promotions`
--
ALTER TABLE `promotions`
  ADD PRIMARY KEY (`promotion_id`);

--
-- 表的索引 `restaurants`
--
ALTER TABLE `restaurants`
  ADD PRIMARY KEY (`restaurant_id`),
  ADD KEY `fk_restaurants_users` (`buyer_account`);

--
-- 表的索引 `riders`
--
ALTER TABLE `riders`
  ADD PRIMARY KEY (`rider_id`),
  ADD KEY `fk_rider_user` (`user_id`);

--
-- 表的索引 `rider_locations`
--
ALTER TABLE `rider_locations`
  ADD PRIMARY KEY (`id`);

--
-- 表的索引 `shops`
--
ALTER TABLE `shops`
  ADD PRIMARY KEY (`shop_id`);

--
-- 表的索引 `shop_promotions`
--
ALTER TABLE `shop_promotions`
  ADD PRIMARY KEY (`shop_promotion_id`);

--
-- 表的索引 `system_settings`
--
ALTER TABLE `system_settings`
  ADD PRIMARY KEY (`setting_id`),
  ADD UNIQUE KEY `setting_key` (`setting_key`);

--
-- 表的索引 `users`
--
ALTER TABLE `users`
  ADD PRIMARY KEY (`user_id`),
  ADD UNIQUE KEY `email` (`email`);

--
-- 表的索引 `user_activity_logs`
--
ALTER TABLE `user_activity_logs`
  ADD PRIMARY KEY (`log_id`);

--
-- 表的索引 `user_consents`
--
ALTER TABLE `user_consents`
  ADD PRIMARY KEY (`id`),
  ADD KEY `user_id` (`user_id`);

--
-- 在导出的表使用AUTO_INCREMENT
--

--
-- 使用表AUTO_INCREMENT `categories`
--
ALTER TABLE `categories`
  MODIFY `category_id` int(11) NOT NULL AUTO_INCREMENT, AUTO_INCREMENT=8;

--
-- 使用表AUTO_INCREMENT `complaints`
--
ALTER TABLE `complaints`
  MODIFY `complaint_id` int(11) NOT NULL AUTO_INCREMENT, AUTO_INCREMENT=6;

--
-- 使用表AUTO_INCREMENT `markets`
--
ALTER TABLE `markets`
  MODIFY `market_id` int(11) NOT NULL AUTO_INCREMENT, AUTO_INCREMENT=2;

--
-- 使用表AUTO_INCREMENT `orders`
--
ALTER TABLE `orders`
  MODIFY `order_id` int(11) NOT NULL AUTO_INCREMENT, AUTO_INCREMENT=18;

--
-- 使用表AUTO_INCREMENT `order_items`
--
ALTER TABLE `order_items`
  MODIFY `order_item_id` int(11) NOT NULL AUTO_INCREMENT, AUTO_INCREMENT=41;

--
-- 使用表AUTO_INCREMENT `password_reset_otps`
--
ALTER TABLE `password_reset_otps`
  MODIFY `id` int(11) NOT NULL AUTO_INCREMENT, AUTO_INCREMENT=110;

--
-- 使用表AUTO_INCREMENT `products`
--
ALTER TABLE `products`
  MODIFY `product_id` int(11) NOT NULL AUTO_INCREMENT, AUTO_INCREMENT=64;

--
-- 使用表AUTO_INCREMENT `promotions`
--
ALTER TABLE `promotions`
  MODIFY `promotion_id` int(11) NOT NULL AUTO_INCREMENT, AUTO_INCREMENT=4;

--
-- 使用表AUTO_INCREMENT `restaurants`
--
ALTER TABLE `restaurants`
  MODIFY `restaurant_id` int(11) NOT NULL AUTO_INCREMENT, AUTO_INCREMENT=2;

--
-- 使用表AUTO_INCREMENT `riders`
--
ALTER TABLE `riders`
  MODIFY `rider_id` int(11) NOT NULL AUTO_INCREMENT, AUTO_INCREMENT=12;

--
-- 使用表AUTO_INCREMENT `rider_locations`
--
ALTER TABLE `rider_locations`
  MODIFY `id` int(11) NOT NULL AUTO_INCREMENT, AUTO_INCREMENT=593;

--
-- 使用表AUTO_INCREMENT `shops`
--
ALTER TABLE `shops`
  MODIFY `shop_id` int(11) NOT NULL AUTO_INCREMENT, AUTO_INCREMENT=23;

--
-- 使用表AUTO_INCREMENT `shop_promotions`
--
ALTER TABLE `shop_promotions`
  MODIFY `shop_promotion_id` int(11) NOT NULL AUTO_INCREMENT, AUTO_INCREMENT=4;

--
-- 使用表AUTO_INCREMENT `system_settings`
--
ALTER TABLE `system_settings`
  MODIFY `setting_id` int(11) NOT NULL AUTO_INCREMENT, AUTO_INCREMENT=149;

--
-- 使用表AUTO_INCREMENT `users`
--
ALTER TABLE `users`
  MODIFY `user_id` int(11) NOT NULL AUTO_INCREMENT, AUTO_INCREMENT=44;

--
-- 使用表AUTO_INCREMENT `user_activity_logs`
--
ALTER TABLE `user_activity_logs`
  MODIFY `log_id` int(11) NOT NULL AUTO_INCREMENT;

--
-- 使用表AUTO_INCREMENT `user_consents`
--
ALTER TABLE `user_consents`
  MODIFY `id` int(11) NOT NULL AUTO_INCREMENT, AUTO_INCREMENT=23;

--
-- 限制导出的表
--

--
-- 限制表 `orders`
--
ALTER TABLE `orders`
  ADD CONSTRAINT `orders_ibfk_1` FOREIGN KEY (`user_id`) REFERENCES `users` (`user_id`);

--
-- 限制表 `order_items`
--
ALTER TABLE `order_items`
  ADD CONSTRAINT `order_items_ibfk_1` FOREIGN KEY (`order_id`) REFERENCES `orders` (`order_id`) ON DELETE CASCADE,
  ADD CONSTRAINT `order_items_ibfk_2` FOREIGN KEY (`product_id`) REFERENCES `products` (`product_id`);

--
-- 限制表 `password_reset_otps`
--
ALTER TABLE `password_reset_otps`
  ADD CONSTRAINT `fk_reset_user` FOREIGN KEY (`user_id`) REFERENCES `users` (`user_id`) ON DELETE CASCADE;

--
-- 限制表 `products`
--
ALTER TABLE `products`
  ADD CONSTRAINT `products_ibfk_1` FOREIGN KEY (`shop_id`) REFERENCES `shops` (`shop_id`),
  ADD CONSTRAINT `products_ibfk_2` FOREIGN KEY (`category_id`) REFERENCES `categories` (`category_id`);

--
-- 限制表 `restaurants`
--
ALTER TABLE `restaurants`
  ADD CONSTRAINT `fk_restaurants_users` FOREIGN KEY (`buyer_account`) REFERENCES `users` (`user_id`) ON DELETE SET NULL ON UPDATE CASCADE;

--
-- 限制表 `riders`
--
ALTER TABLE `riders`
  ADD CONSTRAINT `fk_rider_user` FOREIGN KEY (`user_id`) REFERENCES `users` (`user_id`) ON DELETE CASCADE;

--
-- 限制表 `user_consents`
--
ALTER TABLE `user_consents`
  ADD CONSTRAINT `user_consents_ibfk_1` FOREIGN KEY (`user_id`) REFERENCES `users` (`user_id`) ON DELETE CASCADE;
COMMIT;

/*!40101 SET CHARACTER_SET_CLIENT=@OLD_CHARACTER_SET_CLIENT */;
/*!40101 SET CHARACTER_SET_RESULTS=@OLD_CHARACTER_SET_RESULTS */;
/*!40101 SET COLLATION_CONNECTION=@OLD_COLLATION_CONNECTION */;
